"party","is_fraud","gender","dob","party_type","name","created_at","line_1","line_2","city","state","zipcode","county","country","phone","phone_type","card","email","account","id","id_type","ip","device","application"
"a4dd4d40-c680-4081-85ae-29ce0e2c4424","1","MALE","1983-05-14","INDIVIDUAL","HEIDI MILLER","2024-04-12 16:30:19.120466","591 SUMMER BREEZE CIR","#701","MEXICO BEACH","FL","32456","LIBERTY COUNTY","US","3627056097","landline","1818480293005989","HEIDI.MILLER@EMAIL.COM","1bd196d4-ed25-4ff4-b68b-65c7638544f7","13445a32-80c7-4525-a8c3-6da8978207fc","DRIVER'S LICENSE","191.123.1.1","532020c1-0955-4c2d-90cb-3207f5fe1eb9","eaa67200-677c-4190-9148-de132caa4bcf"
"3472fa14-85f9-4c55-81b5-1f31be54ee75","0","MALE","1983-05-10","ENTITY","BROWN LLC","2024-04-12 16:30:19.135077","6007 APPLEGATE LANE","","LOUISVILLE","KY","40219","ADAIR COUNTY","US","1717057999","mobile","5157767991711917","BROWN.LLC@EMAIL.COM","b5a7f4c4-522e-4b7e-a4fd-dff31fa1fe82","1e60fd6f-eb59-49c5-a972-ba93af6b45f1","DRIVER'S LICENSE","191.121.1.1","99d89e4a-1e6c-423f-89b6-81bc3939df35","6512ebf6-e630-4e78-b2c3-1958bca21408"
"9fa136a7-9820-465c-9a39-667b93920bd7","0","FEMALE","1983-05-10","ENTITY","BROWN LLC","2024-04-12 16:30:19.145875","2903 WEST 31ST AVENUE","#APT 000002","ANCHORAGE","AK","99517","ALEUTIANS EAST BOROUGH","US","4177622263","mobile","2097381374021198","BROWN.LLC@EMAIL.COM","09148777-bfd1-4113-a6d6-7e4fc31f7356","cc5275b1-ad30-45cd-8b75-c2c89071b5b6","DRIVER'S LICENSE","191.122.1.1","6480240a-7756-4010-9194-725f65481d30","97eb1fb9-a887-41bc-ab14-efd6780ad486"
"6d538287-1607-423a-8c3b-fa34f6f9e892","0","MALE","1983-05-20","ENTITY","MILLER LLC","2024-04-12 16:30:19.155375","1217 COTTONDALE ROAD","","MONTGOMERY","AL","36109","AUTAUGA COUNTY","US","8987119817","landline","6573023147524899","MILLER.LLC@EMAIL.COM","11f75b37-d82a-4e5c-82cb-8d85e1529789","64503cc0-1e5b-4886-a042-abaef509d789","PASSPORT","191.124.1.1","4fb63f19-ba20-4ee9-9c97-29e4f04e8bd9","1e95e46e-01a4-4e05-a5f9-74ca23fbd998"
"75299108-4b48-4553-babb-d776a02d516d","0","MALE","1983-05-10","INDIVIDUAL","SAM JOHNSON","2024-04-12 16:30:19.165465","6081 JAY STREET","","ARVADA","CO","80003","ADAMS COUNTY","US","4939865905","mobile","9435220875347519","SAM.JOHNSON@EMAIL.COM","6c67d07c-402a-49b1-af52-1be3f067e10d","b36ecd9f-b5c6-4ba4-b896-7b2850691c21","PASSPORT","191.126.1.1","f1f0bc51-6814-43ac-bc11-1109c96c1d73","cb0ece08-d374-4319-849b-a74622e2e990"
"60d307fd-ff02-4696-9828-d5fe225516d2","1","FEMALE","1983-05-15","INDIVIDUAL","SAM JOHNSON","2024-04-12 16:30:19.175700","230 EAST 8TH STREET","","EDMOND","OK","73034","ADAIR COUNTY","US","0293693118","mobile","0168024823697725","SAM.JOHNSON@EMAIL.COM","94354351-2ae1-44cb-9fb5-983cc5b75825","7c67715f-b390-41e1-983d-6ba2e973716d","PASSPORT","191.121.1.1","3a1e8f74-3253-4bc6-91c1-16196ea56992","c5c7a84c-0960-483a-a72e-a8410a1823bb"
"bdd79016-a184-422e-8699-65afbe9818be","1","FEMALE","1983-05-14","INDIVIDUAL","PETER SMITH","2024-04-12 16:30:19.185239","302 DEPOT ROAD","","BOXBOROUGH","MA","01719","BARNSTABLE COUNTY","US","3974422391","landline","8691835807495887","PETER.SMITH@EMAIL.COM","8f47a581-ac1e-4bc3-aa58-aa5967808efd","77c5f6a5-37e5-4172-afe7-1e5cdef444a0","DRIVER'S LICENSE","191.122.1.1","2f41156b-6b57-4faf-b7a4-7b040a9d0591","58274edf-5b93-47b0-a2f3-12544c246cdd"
"6a097459-45c6-417f-9836-92c27ad37dd8","1","FEMALE","1983-05-13","ENTITY","BROWN LLC","2024-04-12 16:30:19.195523","1709 7TH AVENUE NORTHWEST","","ARDMORE","OK","73401","ADAIR COUNTY","US","3172140383","landline","4720485511506231","BROWN.LLC@EMAIL.COM","4888c3c4-46a3-4383-b726-4c81a639d30c","b698d9a1-a601-4107-85d9-270b8e9a25c8","SOCIAL SECURITY NUMBER","191.129.1.1","e2956b65-b97b-4e39-b0a5-60daf3be56e1","02823cbb-7029-4f0b-8732-889073e0a091"
"a6a7920a-6368-4ffb-b404-458d07146b0d","0","MALE","1983-05-14","INDIVIDUAL","VIVIAN BROWN","2024-04-12 16:30:19.206313","7407 NORTH 75TH DRIVE","","GLENDALE","AZ","85303","APACHE COUNTY","US","6456568086","landline","8665911017085068","VIVIAN.BROWN@EMAIL.COM","6ebb5442-fc91-44b3-9e39-5268c0a54505","52805f29-4615-41bb-abbe-20bb6a6dded2","PASSPORT","191.122.1.1","c3c9ba08-bbaa-4f8b-b4a0-2a0dc094be35","9d510dbc-0031-4633-a7ea-027f06105d3a"
"f0e2edfa-0eda-456a-9445-55f3f5ae6fc3","1","MALE","1983-05-18","INDIVIDUAL","JOHN ANDERSON","2024-04-12 16:30:19.218724","2209 JUNE DRIVE","","NASHVILLE","TN","37214","ANDERSON COUNTY","US","9541105073","mobile","6655514549303439","JOHN.ANDERSON@EMAIL.COM","4888c3c4-46a3-4383-b726-4c81a639d30c","5631f17f-51fc-4b8d-9544-3fe67601e804","PASSPORT","191.127.1.1","00a28b4c-d3bf-4ae8-ba37-1c2ebdef237c","2f1971cf-8879-4c2b-8465-a54b33e25928"
"efd3b9c4-2c6d-4c34-8779-5c71b1fefeb1","1","MALE","1983-05-17","INDIVIDUAL","SAM MILLER","2024-04-12 16:30:19.229122","817 NEVADA DRIVE NORTHEAST","","PALM BAY","FL","32907","LIBERTY COUNTY","US","2460097250","mobile","3753343535963103","SAM.MILLER@EMAIL.COM","22cc55bf-cf2e-4ad6-a57f-196765b0b833","956ac367-9c64-49e6-b535-a3e298558a2d","SOCIAL SECURITY NUMBER","191.123.1.1","65b64cfb-d04a-44cb-ace8-4d3ac7a3eba8","29831922-d56c-4592-af87-da064ec9e5ca"
"c9d22463-bda6-4b8f-896b-4974a2cb933e","0","FEMALE","1983-05-14","INDIVIDUAL","BIANCA SMITH","2024-04-12 16:30:19.238883","2443 SIERRA NEVADA ROAD","#N5","MAMMOTH LAKES","CA","93546","ALAMEDA COUNTY","US","1195037699","mobile","7833050302464304","BIANCA.SMITH@EMAIL.COM","7e1fd167-8b73-4205-bd30-ec7cbd30d500","9a6af8b8-cb6a-45ac-90ef-1552d608e286","SOCIAL SECURITY NUMBER","191.126.1.1","03592a9f-67d3-4217-a466-bc58182e833a","dfaa56c4-f851-4532-a42a-c4dd76bae2df"
"daa8fd61-db95-4737-bf6b-28695752cb1b","1","FEMALE","1983-05-13","INDIVIDUAL","HEIDI BROWN","2024-04-12 16:30:19.249111","11843 NORTH 60TH AVENUE","","GLENDALE","AZ","85304","APACHE COUNTY","US","1895370042","landline","7306743873458429","HEIDI.BROWN@EMAIL.COM","7fba467a-0db5-4662-a178-fed56bba6e8b","3c084432-e0d7-4c65-9c94-1e1c08c8e670","SOCIAL SECURITY NUMBER","191.126.1.1","c2b454fc-5b8c-4da3-8dac-abd3f7c1ff43","63a828f4-86f7-42e7-81df-15174a9c0f06"
"03adc3a5-6f28-4e71-9af4-ca5e4e1b6b60","1","MALE","1983-05-12","ENTITY","BROWN LLC","2024-04-12 16:30:19.258957","93 MARBLE HILL ROAD","","WAITSFIELD","VT","05673","ADDISON COUNTY","US","9803266324","landline","6069223224319821","BROWN.LLC@EMAIL.COM","4888c3c4-46a3-4383-b726-4c81a639d30c","b2470c74-99c5-4b9c-99a2-5d8ed02c03a1","DRIVER'S LICENSE","191.126.1.1","aa293aff-9e07-46ef-b5d5-3c0510bdeb39","934de3f9-5bc7-4a7f-9ccb-de6c02b2f71f"
"2960b99c-1e60-43ba-92ab-2e09d98f7bad","0","MALE","1983-05-20","ENTITY","MILLER LLC","2024-04-12 16:30:19.268189","2212 GREENVILLE STREET","","MONTGOMERY","AL","36107","AUTAUGA COUNTY","US","6284570944","landline","9593475386367645","MILLER.LLC@EMAIL.COM","a9146fb2-4653-48ab-85db-a54975c85b4c","2affb2a1-07c8-4a2c-a675-278b26ff6642","SOCIAL SECURITY NUMBER","191.127.1.1","1b96c743-23bf-47bb-8096-a4bc977fbddf","a2f050f0-abd9-4ac8-a741-053d13312351"
"00dc488f-63ab-4dfe-9be7-06c900e8a6de","1","FEMALE","1983-05-18","ENTITY","MILLER LLC","2024-04-12 16:30:19.277541","713 FLIGHT AVENUE","","PANAMA CITY","FL","32404","LIBERTY COUNTY","US","9380189090","mobile","0859522003998129","MILLER.LLC@EMAIL.COM","3daceac3-316d-4a3a-9cd4-ed6f5ce7017c","2cb292d6-368b-47ba-99ca-b4e737c7773f","SOCIAL SECURITY NUMBER","191.122.1.1","34ef108b-7ccb-4332-b129-dd61f67c4578","1af4b6ed-07e5-425f-95bb-c6a06d259bed"
"2d2e3721-0894-437f-8e10-c1e0f764f224","1","MALE","1983-05-20","ENTITY","BROWN LLC","2024-04-12 16:30:19.277640","591 SUMMER BREEZE CIR","#701","MEXICO BEACH","FL","32456","LIBERTY COUNTY","US","9749326768","landline","9201370488334868","BROWN.LLC@EMAIL.COM","041ab1bf-7438-4c54-99d9-ab73becaa47f","22efe7ac-e470-4b79-a0c8-0034fba1aed0","DRIVER'S LICENSE","191.121.1.1","93b25cb9-6b8e-4bdb-87d4-2e760f5c6e3f","87f2bbdd-828f-4d69-a146-f48097e1e8ee"
"ad66779d-28eb-4827-b140-82d17a1fff21","0","FEMALE","1983-05-13","INDIVIDUAL","LEAH MILLER","2024-04-12 16:30:19.287224","3408 TAYLORSVILLE ROAD","#1","LOUISVILLE","KY","40205","ADAIR COUNTY","US","8831393393","mobile","2317326712834813","LEAH.MILLER@EMAIL.COM","864a6c93-eade-431d-a6b8-c767dff033ae","1e60fd6f-eb59-49c5-a972-ba93af6b45f1","DRIVER'S LICENSE","191.126.1.1","84ea12b3-5375-4f7e-a849-9ef293089fe8","442c67cd-0ac0-4947-9d53-4e4e06d19ae5"
"f140eeb1-f63d-42f4-a982-9b45a5febab1","1","FEMALE","1983-05-11","ENTITY","ANDERSON LLC","2024-04-12 16:30:19.296914","328 SOUTH RANCHWOOD MANOR DRIVE","","OKLAHOMA CITY","OK","73139","ADAIR COUNTY","US","2651603550","landline","5613344848893574","ANDERSON.LLC@EMAIL.COM","81af042e-730a-462e-b1b5-f967316e22a1","7792e72a-1373-43d9-8b37-c572b0d92b89","DRIVER'S LICENSE","191.127.1.1","578a6ae8-d6ec-4c70-ab13-d4cb52211fa8","680f22a8-e008-48e7-8e62-fe496f73ca6e"
"b7bd23b6-54bd-4547-ad16-077130fb3fe3","0","MALE","1983-05-15","INDIVIDUAL","BIANCA SMITH","2024-04-12 16:30:19.306291","5170 HICKORY HOLLOW PARKWAY","#935","NASHVILLE","TN","37013","ANDERSON COUNTY","US","0118420195","mobile","7540881530181036","BIANCA.SMITH@EMAIL.COM","fade770c-ab36-42c6-b88a-c559aaaed803","6d6c8a2c-9580-4063-a056-e0ef558cbf25","SOCIAL SECURITY NUMBER","191.122.1.1","7c985900-4e78-467a-99e9-6674a833c42b","73c37046-b9ce-4453-8b6c-f71a458801fb"
"9660d0e9-f747-455d-8825-23726dc64f17","1","MALE","1983-05-19","INDIVIDUAL","HAN SMITH","2024-04-12 16:30:19.315947","5792 OWL HILL AVENUE","","SANTA ROSA","CA","95409","ALAMEDA COUNTY","US","3243304697","mobile","5546603414952693","HAN.SMITH@EMAIL.COM","5fd7bfc5-ff4a-4856-8b65-a8d60631d4e4","08f28cec-1a77-477c-bd5c-d92fd3ec96b7","PASSPORT","191.128.1.1","636dc75d-7454-4c74-a35c-0648374aaea5","d3723f4c-1d27-409d-b3b1-0a3e721e77af"
"36ac8d93-a2d2-467d-8a87-86653d8223f0","0","FEMALE","1983-05-13","ENTITY","MILLER LLC","2024-04-12 16:30:19.326302","1317 ALLISON STREET NORTHEAST","","WASHINGTON","DC","20017","DISTRICT OF COLUMBIA","US","8422651000","landline","8869056321891162","MILLER.LLC@EMAIL.COM","dcc570f2-d05f-4642-8995-86c771c43d58","001ce0c9-3116-47e8-b06d-f7c501f7ad5a","SOCIAL SECURITY NUMBER","191.125.1.1","df36c688-4a50-4e9e-9fb0-2ed42ea18ff1","416eff86-a17d-4eb0-a463-7fb736085493"
"014592db-31be-418e-bf89-ac8966ce3572","0","MALE","1983-05-14","INDIVIDUAL","HEIDI BROWN","2024-04-12 16:30:19.335328","5707 WHISPERING HILLS BOULEVARD","","LOUISVILLE","KY","40219","ADAIR COUNTY","US","2971813899","landline","1118227505194323","HEIDI.BROWN@EMAIL.COM","a97176a9-a368-4c3f-9bc6-d47cb5b1135f","02a38094-c8c8-49e5-b7cb-2ebaf8f587b1","PASSPORT","191.124.1.1","9d0e3c6f-492d-4368-912f-33c49df1a570","c9439180-ecbb-4ea8-a14b-f2ba9f700751"
"d0337079-dda6-49c9-b19b-418b54d20ee7","1","MALE","1983-05-13","ENTITY","SMITH LLC","2024-04-12 16:30:19.344861","49 WEST STREET","","BOLTON","VT","05676","ADDISON COUNTY","US","9396072989","mobile","1782855438990020","SMITH.LLC@EMAIL.COM","46a3fc0a-81b1-4681-9042-03d35946a417","44889c5d-f0f6-4a20-8afa-543c758a0be7","SOCIAL SECURITY NUMBER","191.121.1.1","54459790-8015-4d7a-958f-1362aa43bcca","b40b7726-3ff7-428b-b52e-500b2ab5f9fa"
"06a7df85-494b-4a24-a756-55875de3c575","0","FEMALE","1983-05-12","ENTITY","ANDERSON LLC","2024-04-12 16:30:19.354284","827 10TH STREET NORTHEAST","","WASHINGTON","DC","20002","DISTRICT OF COLUMBIA","US","2219246046","landline","8850497210455918","ANDERSON.LLC@EMAIL.COM","1f028253-98ed-4487-af4d-a461aec6337b","c78235ee-5d61-4aef-a93e-2a43e404fd04","PASSPORT","191.123.1.1","a2d0b935-6473-4cc9-bd56-f9e117cd9637","2a153902-6dc4-465e-b936-5928eb8cad40"
"32e5dde3-fdce-4759-aadc-d991c5bc4404","1","MALE","1983-05-14","INDIVIDUAL","HEIDI BROWN","2024-04-12 16:30:19.364957","962 SOUTH SILVERADO DRIVE","#103","FAYETTEVILLE","AR","72701","ARKANSAS COUNTY","US","6866953449","mobile","7661027188338005","HEIDI.BROWN@EMAIL.COM","3a62ce47-f338-43a6-951f-3a9ace066b24","cae10571-8ef5-4a7b-8b07-fc41557615b4","SOCIAL SECURITY NUMBER","191.126.1.1","f567f46c-cabb-4513-aed7-8459351d44ac","6d57a742-077d-4cdb-a134-9efacd4d6e26"
"2451746c-b7e8-42ce-992e-8e3b3b965753","1","MALE","1983-05-14","ENTITY","JOHNSON LLC","2024-04-12 16:30:19.375406","6080 FRONTIER LANE","","NASHVILLE","TN","37211","ANDERSON COUNTY","US","3991524547","mobile","5933072435142772","JOHNSON.LLC@EMAIL.COM","4888c3c4-46a3-4383-b726-4c81a639d30c","3d0f9c40-7a1f-4d44-89df-226b635027ec","SOCIAL SECURITY NUMBER","191.122.1.1","3fa2c65c-8ea5-4ae4-9c4b-749433f66e8d","e8989f5a-4d1d-4695-bebb-d13499f76078"
"36679d5b-0947-4083-aa28-eeb0609629ca","1","FEMALE","1983-05-19","ENTITY","ANDERSON LLC","2024-04-12 16:30:19.384738","100 EAST JOYCE BOULEVARD","#110","FAYETTEVILLE","AR","72703","ARKANSAS COUNTY","US","8224449163","landline","9435220875347519","ANDERSON.LLC@EMAIL.COM","6c67d07c-402a-49b1-af52-1be3f067e10d","cae10571-8ef5-4a7b-8b07-fc41557615b4","SOCIAL SECURITY NUMBER","191.123.1.1","3fa2c65c-8ea5-4ae4-9c4b-749433f66e8d","6512ebf6-e630-4e78-b2c3-1958bca21408"
"31538b15-449b-4e99-ba38-639eef02ad01","0","FEMALE","1983-05-10","INDIVIDUAL","BIANCA BROWN","2024-04-12 16:30:19.393840","42 LAKE LANE","","WESTMORE","VT","05860","ADDISON COUNTY","US","2511039901","landline","1404795274507353","BIANCA.BROWN@EMAIL.COM","e43fc4d5-04d3-48e3-a552-1a5b73d936c8","13445a32-80c7-4525-a8c3-6da8978207fc","DRIVER'S LICENSE","191.127.1.1","bdefdb8a-6d3a-41e0-b80c-2c5484e658e1","026c0f16-cccd-4a4a-8e1f-5639a4b11232"
"4382772f-3162-47f0-b5b7-0173529e73fa","1","MALE","1983-05-20","INDIVIDUAL","JOHN JOHNSON","2024-04-12 16:30:19.403180","7613 YULE COURT","","ARVADA","CO","80007","ADAMS COUNTY","US","2035081169","landline","3578717577825996","JOHN.JOHNSON@EMAIL.COM","5e742248-6783-4118-8f54-352e8aa23866","af864dd2-bb4c-4957-9a37-0f3a1a06db2f","PASSPORT","191.122.1.1","3a1e8f74-3253-4bc6-91c1-16196ea56992","e359c306-ace4-47e1-b132-514d386cf32c"
"3b566575-54fd-4b5e-a363-c14a83d61432","1","MALE","1983-05-19","ENTITY","BROWN LLC","2024-04-12 16:30:19.412539","645 G STREET","#STE 000101","ANCHORAGE","AK","99501","ALEUTIANS EAST BOROUGH","US","0117616112","landline","0299069297689004","BROWN.LLC@EMAIL.COM","5696ef2b-9e79-454c-a75c-85c2bf360227","cc5275b1-ad30-45cd-8b75-c2c89071b5b6","DRIVER'S LICENSE","191.125.1.1","de53e1a5-cbca-4c9d-aa7b-6e1a4699c885","218cd64c-6ba2-4644-b810-7b00aa467ac0"
"69b1d7d7-bed8-432c-99f6-cb18ce173b9b","1","MALE","1983-05-18","INDIVIDUAL","SAM MILLER","2024-04-12 16:30:19.421952","2829 31ST STREET NORTHWEST","","WASHINGTON","DC","20008","DISTRICT OF COLUMBIA","US","1478556800","mobile","9578213178910031","SAM.MILLER@EMAIL.COM","f272dabd-e973-4a86-b744-df10bfc9a77c","acd704a6-065f-49be-8a42-c64544e1c430","SOCIAL SECURITY NUMBER","191.122.1.1","d2effe83-4abe-403a-b343-85d669c0414c","627c6157-bf8c-4063-b715-2d12c0d64724"
"c03231b9-c994-4fdb-9c64-10a7bf35b150","1","FEMALE","1983-05-20","INDIVIDUAL","PETER ANDERSON","2024-04-12 16:30:19.430285","4696 BULL RUN ROAD","","ASHLAND CITY","TN","37015","ANDERSON COUNTY","US","5806666108","mobile","7822503734485597","PETER.ANDERSON@EMAIL.COM","4531da20-0b44-4297-90e2-18b9a33bbf85","ee929f45-0f35-468b-b4ed-20dfd00632bf","SOCIAL SECURITY NUMBER","191.129.1.1","3d093bff-9240-42a1-bb3f-35ef3f1f6803","b989a354-a02f-489e-9bcb-e1706ad2c886"
"8aaec8a1-936c-4cca-a752-29955956e6fd","0","MALE","1983-05-10","ENTITY","ANDERSON LLC","2024-04-12 16:30:19.443499","14 SCHOOL STREET","","MEDWAY","MA","02053","BARNSTABLE COUNTY","US","9200806903","landline","7993189646789288","ANDERSON.LLC@EMAIL.COM","22b8ecc4-10e4-40d3-bc40-e9c35c2ace2f","9a6af8b8-cb6a-45ac-90ef-1552d608e286","SOCIAL SECURITY NUMBER","191.125.1.1","dff2470d-b17f-4011-8aac-9113c85e4f9e","dc145b59-0772-4eb1-8ebe-801ddecdb41f"
"60139c9c-3f44-460f-bf1f-3260f0b554a8","0","MALE","1983-05-17","INDIVIDUAL","GABRIEL ANDERSON","2024-04-12 16:30:19.450724","615 LONG HUNTER COURT","","NASHVILLE","TN","37217","ANDERSON COUNTY","US","0370558451","mobile","9693330248388232","GABRIEL.ANDERSON@EMAIL.COM","9cb1579c-646a-4f9b-832c-70a9e0f24b71","d7fb0e31-b20b-4143-b4c6-d7809f0580cc","PASSPORT","191.121.1.1","370dc653-0a4d-437f-9d72-86af11bfda2f","2b42d5fe-5254-4696-bde5-1dc6204038dc"
"51578cbb-64d7-4245-aa66-d2e3fbec7c7e","1","MALE","1983-05-17","INDIVIDUAL","BIANCA ANDERSON","2024-04-12 16:30:19.457945","16 HARLOW ROAD","","SPRINGFIELD","VT","05156","ADDISON COUNTY","US","9719837265","mobile","9435220875347519","BIANCA.ANDERSON@EMAIL.COM","a4a84339-dd6b-4087-9d3c-37ca8d747474","299d996a-7194-411d-95d3-0ddc6f7025dc","PASSPORT","191.127.1.1","24479da5-5999-409f-855f-82659e5b551f","df396ffd-ec7d-4800-8499-b62ff9248248"
"ad947619-a4c6-48b3-b991-90930087c198","1","MALE","1983-05-18","ENTITY","ANDERSON LLC","2024-04-12 16:30:19.465195","1219 NORTH STORER AVENUE","#66","FAYETTEVILLE","AR","72703","ARKANSAS COUNTY","US","6680781760","landline","5561436772910646","ANDERSON.LLC@EMAIL.COM","156f82eb-5102-4985-ae7d-00ff02102350","ab74f9fb-882b-460c-9b24-df9e44f5ffd1","SOCIAL SECURITY NUMBER","191.123.1.1","578a6ae8-d6ec-4c70-ab13-d4cb52211fa8","ab1c5c2d-dfb5-425a-9237-65515d7d7a13"
"fa7940db-e3e5-400f-ae2d-ca3cf77a3352","1","FEMALE","1983-05-15","ENTITY","SMITH LLC","2024-04-12 16:30:19.472525","9 THOMAS STREET","","ASHLAND","MA","01721","BARNSTABLE COUNTY","US","8785295582","landline","6875516236874376","SMITH.LLC@EMAIL.COM","2f882a76-9322-412f-8b2a-d07586ec8ec0","b698d9a1-a601-4107-85d9-270b8e9a25c8","SOCIAL SECURITY NUMBER","191.126.1.1","c99afd04-c7b6-4f76-b6bf-ffbafead649c","b62e3952-4dc5-4174-9f00-3e40de2fcd71"
"2ac857ff-d209-42a2-90c0-4cd3d179d5c8","1","MALE","1983-05-19","INDIVIDUAL","SAM JOHNSON","2024-04-12 16:30:19.472602","591 SUMMER BREEZE CIR","#701","MEXICO BEACH","FL","32456","LIBERTY COUNTY","US","7703361101","landline","7062484554394664","SAM.JOHNSON@EMAIL.COM","6f6f6708-951e-4241-bc50-ea8560cff031","6d6c8a2c-9580-4063-a056-e0ef558cbf25","SOCIAL SECURITY NUMBER","191.123.1.1","eb8cffa8-38dd-47b0-a6f4-b00fd83a53c4","75fc5925-af89-4d37-a4b8-435b5d682c3d"
"e64aee31-e4f2-4e78-b620-4f75091c869a","0","FEMALE","1983-05-17","ENTITY","BROWN LLC","2024-04-12 16:30:19.479972","1938 ARCADIAN STREET","","SAVANNAH","GA","31405","APPLING COUNTY","US","0040168968","mobile","8217839780658592","BROWN.LLC@EMAIL.COM","1b4843af-e0b1-4ce1-bf5a-a2899660a637","8634d279-0bb1-4866-a625-6e2520ff7aa0","SOCIAL SECURITY NUMBER","191.124.1.1","3a1e8f74-3253-4bc6-91c1-16196ea56992","bbff4cbc-5c7c-41a6-8b2e-dbfed5e4ee0b"
"2c99d88e-e69f-4124-b0f5-3c4a47f89306","1","MALE","1983-05-19","INDIVIDUAL","VIVIAN JOHNSON","2024-04-12 16:30:19.487252","31353 SANTA ELENA WAY","","UNION CITY","CA","94587","ALAMEDA COUNTY","US","4993181703","mobile","9013759698365462","VIVIAN.JOHNSON@EMAIL.COM","54769520-1425-4193-9ad6-6da7a75f4e01","14c2892d-15c9-48f7-bd7b-945754436b8c","SOCIAL SECURITY NUMBER","191.124.1.1","4d58db2f-589f-416e-a999-d6a9cd1bab32","ad120f58-6be9-46f9-b3f9-b26d7c47ee91"
"376d4603-faa5-42bd-9d43-e43896ae2acd","1","MALE","1983-05-17","ENTITY","MILLER LLC","2024-04-12 16:30:19.495499","5938 LAGUNA HONDA STREET","","REDDING","CA","96001","ALAMEDA COUNTY","US","9018383538","mobile","3224051955872244","MILLER.LLC@EMAIL.COM","6eacd591-ebd2-437a-97c6-5e048adf58db","c95331c4-8189-4610-b4ec-51c7f9af9f41","DRIVER'S LICENSE","191.122.1.1","02513ede-e22e-47ce-8a2b-2ede16b3f4c9","eb4ecacc-730e-4d3b-96c8-006c55f7e04b"
"d7562357-7ca9-4678-a6b7-126abad012dd","1","FEMALE","1983-05-15","INDIVIDUAL","BIANCA JOHNSON","2024-04-12 16:30:19.495562","591 SUMMER BREEZE CIR","#701","MEXICO BEACH","FL","32456","LIBERTY COUNTY","US","9008194915","mobile","9435220875347519","BIANCA.JOHNSON@EMAIL.COM","a1267c17-112a-4c48-b909-f1de33b78c29","8634d279-0bb1-4866-a625-6e2520ff7aa0","SOCIAL SECURITY NUMBER","191.126.1.1","dc5b9e93-540d-40d6-a30c-774a1c817c46","b6b4da64-a640-4fa1-ae30-67183feb2a40"
"84089370-ac40-4a12-8e60-e8d9e38deee1","1","MALE","1983-05-15","INDIVIDUAL","HAN SMITH","2024-04-12 16:30:19.502780","2803 RIVER DRIVE","","THUNDERBOLT","GA","31404","APPLING COUNTY","US","7502184607","mobile","1240616049568602","HAN.SMITH@EMAIL.COM","9c522d1c-6090-4ef0-9a91-057bd1b28490","07b3e7e8-de7f-45d2-af1c-a02b1a148b86","SOCIAL SECURITY NUMBER","191.128.1.1","c12322fb-0ac7-497e-906b-220160efadc4","033dedd7-2d17-42b5-bbf9-e3dc64ef5768"
"9510fd8e-a118-4c24-b3a8-4a81597379cb","1","MALE","1983-05-14","INDIVIDUAL","PETER ANDERSON","2024-04-12 16:30:19.510240","6419 8TH STREET NORTHWEST","","WASHINGTON","DC","20012","DISTRICT OF COLUMBIA","US","2376560610","landline","1491388489148015","PETER.ANDERSON@EMAIL.COM","301a513a-4472-4ce8-bcc5-2dd54dd65bb5","902b0bf4-ac7d-42c5-866c-ba882ca40322","PASSPORT","191.126.1.1","404e9f2d-a998-4b4b-bb41-c2226ad382c2","2af5f1b7-4939-49ce-a6e1-14e376890d17"
"85ac30a8-092d-45d1-99d5-731a8d082c0c","1","MALE","1983-05-20","INDIVIDUAL","HEIDI JOHNSON","2024-04-12 16:30:19.517936","2269 EASTERN BOULEVARD","","MONTGOMERY","AL","36117","AUTAUGA COUNTY","US","5640632348","landline","7903669767428507","HEIDI.JOHNSON@EMAIL.COM","3dc04542-ec9b-48fc-82ec-d43912e41424","8b32fa12-45fe-4a42-ad08-de64bcee1f5a","PASSPORT","191.128.1.1","bfa65038-1a1f-44c5-a6b1-44ca86fa3c8a","a50efd7e-abf2-4618-9151-8cf5734ff33a"
"16873f65-d5c7-4ca4-aee1-66bb35ff5106","1","FEMALE","1983-05-18","ENTITY","ANDERSON LLC","2024-04-12 16:30:19.525136","2868 PEAK ROAD","","WHEELOCK","VT","05851","ADDISON COUNTY","US","3132459011","landline","4332913483297186","ANDERSON.LLC@EMAIL.COM","e8a56792-a5c9-4cbd-8bc8-d9017a02fc93","5d883852-f148-4795-8190-98c1610260f8","SOCIAL SECURITY NUMBER","191.124.1.1","3fa2c65c-8ea5-4ae4-9c4b-749433f66e8d","0ce69992-94c2-4bd6-b0c5-a11ceb843fb8"
"b06755c6-35c9-47bd-ae11-e07aa20f787a","1","FEMALE","1983-05-12","INDIVIDUAL","HAN ANDERSON","2024-04-12 16:30:19.532015","503 ORCHARD ROAD","","GLEN BURNIE","MD","21061","ALLEGANY COUNTY","US","9783555255","landline","3737748909321793","HAN.ANDERSON@EMAIL.COM","3e138a61-59ac-4a51-88dc-ef5cf9058517","34aa8e64-28bf-4269-a31a-1e3d29ce678a","SOCIAL SECURITY NUMBER","191.125.1.1","750a7ce8-0cd6-4417-b214-f2ddd2ed8872","f33664de-0677-424c-bbcd-3204934fdc3f"
"82901151-8496-4530-b198-78f08ee5d054","0","FEMALE","1983-05-18","ENTITY","BROWN LLC","2024-04-12 16:30:19.539025","9200 GAINSWOOD CIRCLE","","MONTGOMERY","AL","36117","AUTAUGA COUNTY","US","3676752948","mobile","2283318392478258","BROWN.LLC@EMAIL.COM","20a1f4e5-3d09-46a0-aad4-73e6a35ce692","f8708959-642e-441a-8ee6-6ccffaca1650","SOCIAL SECURITY NUMBER","191.127.1.1","3fa2c65c-8ea5-4ae4-9c4b-749433f66e8d","0e3d7f5a-f821-4872-96d3-858c64b7c913"
"1f882273-a10b-44fb-a053-91dd26a1670c","0","FEMALE","1983-05-13","INDIVIDUAL","LEAH BROWN","2024-04-12 16:30:19.546218","880 GENERAL GEORGE PATTON ROAD","","NASHVILLE","TN","37221","ANDERSON COUNTY","US","9602445097","mobile","7765706654815298","LEAH.BROWN@EMAIL.COM","1fc4b8b6-dd77-4f37-b891-4d6c2e3be2f7","a7a7c289-4e75-4e2e-a4dd-35cb3d326668","PASSPORT","191.127.1.1","f21b4b59-565d-4ee5-a061-860a75c0ad4c","9a44223b-7b70-43ea-9975-015466c34119"
"f4bb2a46-1811-459d-9977-cf7bede3dc64","0","MALE","1983-05-18","INDIVIDUAL","HAN SMITH","2024-04-12 16:30:19.554158","3035 SOUTH HIGHWAY A1A","#3B","MELBOURNE BEACH","FL","32951","LIBERTY COUNTY","US","4177622263","landline","7988058720618812","HAN.SMITH@EMAIL.COM","03c0608c-c09e-4ae1-9009-56eecb1bc0fe","6a86c5af-c7dc-4eff-8555-ba3cfaab62d0","DRIVER'S LICENSE","191.126.1.1","b9edfbbe-f79a-4dc4-aa2b-74dedca7c2df","541d398b-63e2-4876-aeb4-9660adf55eab"
"4cdc3b73-7c62-4adc-af97-d2fcde4ce22c","0","FEMALE","1983-05-18","ENTITY","JOHNSON LLC","2024-04-12 16:30:19.561301","52 LINNMORE DRIVE","","MANCHESTER","CT","06040","FAIRFIELD COUNTY","US","1697565597","mobile","4620198988602893","JOHNSON.LLC@EMAIL.COM","96516ee0-d8a8-4920-9aaa-511f8294472e","c32497c3-fb4c-4f53-b7fe-58196241dc84","DRIVER'S LICENSE","191.125.1.1","1ba30335-c2ad-4c90-84f4-c4715813efaa","bb7679b0-1d49-4d2d-8162-dfd6cd83f29d"
"a8bdd74d-b42d-4884-9d0c-b0aa819231f5","0","MALE","1983-05-16","ENTITY","JOHNSON LLC","2024-04-12 16:30:19.561409","591 SUMMER BREEZE CIR","#701","MEXICO BEACH","FL","32456","LIBERTY COUNTY","US","6400017014","landline","2108584935448594","JOHNSON.LLC@EMAIL.COM","2a4eb24c-7119-4322-aa54-4c340d8d4c74","5c9b844f-4bf6-4b82-adb4-4c94f7f68930","DRIVER'S LICENSE","191.121.1.1","1625f27e-d964-47ea-bfd1-5eddb1898dd1","b5dcf38b-86df-429d-a0ba-a79191fc4f02"
"41de918f-f296-463e-ba12-0f48f2b91fe0","0","MALE","1983-05-13","INDIVIDUAL","SAM SMITH","2024-04-12 16:30:19.570343","313 MONROE STREET","","MONTGOMERY","AL","36104","AUTAUGA COUNTY","US","2515896539","landline","5287092984705230","SAM.SMITH@EMAIL.COM","4888c3c4-46a3-4383-b726-4c81a639d30c","1e60fd6f-eb59-49c5-a972-ba93af6b45f1","DRIVER'S LICENSE","191.127.1.1","58a7cdb8-6c1d-46d4-86c2-f6930d472ebe","fbd93f38-1254-4deb-8c86-cc12d9edb0c1"
"c9b7f75d-4e0f-4373-89a7-376686308f1d","1","MALE","1983-05-19","ENTITY","JOHNSON LLC","2024-04-12 16:30:19.578832","1124 JACOBS COURT","","NASHVILLE","TN","37080","ANDERSON COUNTY","US","3477676677","landline","9224414122038361","JOHNSON.LLC@EMAIL.COM","43a7f17e-9b65-4ac7-b522-283048dc3012","e03de556-645f-45d3-9ad4-03115a207e1d","SOCIAL SECURITY NUMBER","191.124.1.1","772d4d55-a820-472d-8a61-c404761321a7","5c5a8b7a-7de7-46d4-a92c-44bdf05edde2"
"cb968ace-9a81-4d54-9139-81042b9c90b6","1","FEMALE","1983-05-16","INDIVIDUAL","GABRIEL SMITH","2024-04-12 16:30:19.586533","2713 MITSCHER ROAD","","WASHINGTON","DC","20373","DISTRICT OF COLUMBIA","US","3846954391","mobile","1088863673361555","GABRIEL.SMITH@EMAIL.COM","7d1c4327-747e-4174-a85e-99d19749a812","64503cc0-1e5b-4886-a042-abaef509d789","PASSPORT","191.128.1.1","4703dd93-24ea-4365-8f6e-223c25da53f7","995b3f71-0a88-4217-bac7-547eba4c4576"
"0c9fa52e-f203-4aef-b38f-93fee03b16cd","1","MALE","1983-05-15","INDIVIDUAL","PETER ANDERSON","2024-04-12 16:30:19.595148","811 RIVER DELL DRIVE","","LOUISVILLE","KY","40206","ADAIR COUNTY","US","1092714988","landline","5543861375538556","PETER.ANDERSON@EMAIL.COM","551fe58a-1452-47e5-b34c-cbb9a269e794","2440d51b-39f5-421c-9960-c6e33c31f9ff","SOCIAL SECURITY NUMBER","191.124.1.1","9f0ab5b5-1247-443e-b224-a2ac81eb2fc1","5ad70e88-ce6f-46f1-9c36-6ce88000b5a4"
"8fe55451-69b2-4019-b7ad-a6f8a1e4eacb","1","MALE","1983-05-11","ENTITY","JOHNSON LLC","2024-04-12 16:30:19.604161","2348 CANTALISE DRIVE","","DUBLIN","CA","94568","ALAMEDA COUNTY","US","8905582833","mobile","2116154673268087","JOHNSON.LLC@EMAIL.COM","d83133e7-c9c4-400a-a943-10fea6b376b4","6a86c5af-c7dc-4eff-8555-ba3cfaab62d0","DRIVER'S LICENSE","191.124.1.1","3a1e8f74-3253-4bc6-91c1-16196ea56992","59c5db7d-cf58-4334-b8ae-bef65b7faab3"
"9f74ae35-c0b3-4114-9e96-1a7bd0eba8a5","0","MALE","1983-05-14","ENTITY","ANDERSON LLC","2024-04-12 16:30:19.613307","3538 ALBEMARLE STREET NORTHWEST","","WASHINGTON","DC","20008","DISTRICT OF COLUMBIA","US","0525422393","mobile","5586364753959064","ANDERSON.LLC@EMAIL.COM","cd8abbcb-dd66-4c08-bdef-a97e1f8e5920","7c67715f-b390-41e1-983d-6ba2e973716d","PASSPORT","191.126.1.1","60ca80c7-4ac0-4bcf-8fc6-fc6d2391ffb2","9f879fc6-50a6-4b45-bfff-52ee13161707"
"a27bac8c-124d-47ab-9d9c-c5198f3ae22d","1","FEMALE","1983-05-10","INDIVIDUAL","SAM ANDERSON","2024-04-12 16:30:19.622809","881 MAIN STREET","","MANCHESTER","CT","06040","FAIRFIELD COUNTY","US","7090874840","mobile","3915732793403713","SAM.ANDERSON@EMAIL.COM","eeadc72e-b95e-4f3f-8760-39c97d484a9e","902b0bf4-ac7d-42c5-866c-ba882ca40322","PASSPORT","191.127.1.1","6d60fa09-5b03-498e-ab9a-da23facc5e50","63e2e991-c8d7-45be-9cc1-69df40bb13b6"
"ba00e7ca-8cd6-4225-bac2-6460c8867605","1","FEMALE","1983-05-19","ENTITY","ANDERSON LLC","2024-04-12 16:30:19.632171","1838 NORTH SCULL CREEK DRIVE","","FAYETTEVILLE","AR","72703","ARKANSAS COUNTY","US","0675559980","mobile","1571388605274607","ANDERSON.LLC@EMAIL.COM","ec9119b4-3dab-47b9-8789-fa3f613915c1","a7a7c289-4e75-4e2e-a4dd-35cb3d326668","PASSPORT","191.127.1.1","25a393d4-ea69-449b-a549-26fe43e552ca","f44b2441-373d-430e-bb47-69b9569798bd"
"6bdd55c5-f4f0-4459-8996-664dd69d7740","0","MALE","1983-05-18","INDIVIDUAL","EMILY JOHNSON","2024-04-12 16:30:19.641308","3140 COMMANDER DRIVE","","LOUISVILLE","KY","40220","ADAIR COUNTY","US","7356065217","mobile","4166872775521021","EMILY.JOHNSON@EMAIL.COM","6c67d07c-402a-49b1-af52-1be3f067e10d","8aa1645f-a5c3-4b39-a173-71fa7c8bc8c8","DRIVER'S LICENSE","191.129.1.1","10a92333-9354-4da7-9cd9-26c5c712a388","763717bb-d16c-467e-88e1-6b15c1ce322d"
"0c783758-778d-47e8-8abf-32d185cd8e6d","0","MALE","1983-05-16","ENTITY","BROWN LLC","2024-04-12 16:30:19.650598","533 FOREST RIDGE COURT","","MONTGOMERY","AL","36109","AUTAUGA COUNTY","US","1142462109","landline","9435220875347519","BROWN.LLC@EMAIL.COM","e3920380-1927-41f2-ab65-ba3247ba9de1","7792e72a-1373-43d9-8b37-c572b0d92b89","DRIVER'S LICENSE","191.122.1.1","3dcc6ff2-e3ff-4111-be09-e8bc860b4f62","f23b4f4e-e6f2-4994-897f-63640d4cfb7e"
"c2d4a7ca-ee7f-4b38-8ff1-99f62fd780d4","0","FEMALE","1983-05-16","ENTITY","JOHNSON LLC","2024-04-12 16:30:19.660128","5815 WEST DEL LAGO CIRCLE","","GLENDALE","AZ","85308","APACHE COUNTY","US","4242814635","landline","7685956710646908","JOHNSON.LLC@EMAIL.COM","2e62ad7c-8386-4708-ba5b-0f227cf85334","57768b7b-3059-40d0-9193-4e3546840efe","PASSPORT","191.124.1.1","80ad10af-e2bf-44a9-9a30-ec7a6cb7c240","4d943307-1c27-4420-9266-d16c0026b813"
"35aa6220-efab-4f5a-aed6-5072b72811ea","1","FEMALE","1983-05-18","ENTITY","JOHNSON LLC","2024-04-12 16:30:19.671649","211 WEST OAK STREET","#519","LOUISVILLE","KY","40203","ADAIR COUNTY","US","2490460183","landline","3871244842490886","JOHNSON.LLC@EMAIL.COM","94b4ba84-37c3-4bee-81ce-7761fbb31d13","c78235ee-5d61-4aef-a93e-2a43e404fd04","PASSPORT","191.126.1.1","489cef2f-61b2-4c61-bff8-fbd914808fca","cf84f40c-bd32-43ae-af31-43976e8c45bb"
"0ee6a547-8881-427d-ac81-caeeee6a9ddc","1","MALE","1983-05-13","ENTITY","ANDERSON LLC","2024-04-12 16:30:19.680964","513 HABBERTON ROAD","","FAYETTEVILLE","AR","72703","ARKANSAS COUNTY","US","4681241044","mobile","8230938749843750","ANDERSON.LLC@EMAIL.COM","80793125-7897-4755-847e-b162a1f09244","b7c2dd34-6280-4d79-ad81-f652da8be86d","DRIVER'S LICENSE","191.126.1.1","a190add9-de19-4663-835d-435ab38aeb48","c02822bf-bcf0-426b-b242-04b9bdf1c99b"
"416e48f1-a3ea-47c6-a05f-c6e967d7af7a","1","FEMALE","1983-05-13","INDIVIDUAL","EMILY BROWN","2024-04-12 16:30:19.689830","11 ROSEWOOD LANE","","ESSEX","VT","05452","ADDISON COUNTY","US","4490568527","landline","0885665536849126","EMILY.BROWN@EMAIL.COM","c77babdb-9f67-4ef0-986a-8d494910dc68","2440d51b-39f5-421c-9960-c6e33c31f9ff","SOCIAL SECURITY NUMBER","191.127.1.1","d9c0583e-c023-44a3-99a7-373d0a8f083a","a726597e-f09b-41c0-9680-dde5203ec79d"
"6eac9aa9-93ce-4f80-b3d3-a5a285b40ffe","1","MALE","1983-05-15","INDIVIDUAL","PETER ANDERSON","2024-04-12 16:30:19.698831","3949 ETHAN ALLEN HIGHWAY","","SAINT ALBANS CITY","VT","05478","ADDISON COUNTY","US","2590708625","mobile","8221871277951165","PETER.ANDERSON@EMAIL.COM","70c86b9f-d266-46ba-98d7-eded9cbcc187","d1d9f31a-b671-4fe0-a8c6-3c6dfdb6fbc4","DRIVER'S LICENSE","191.123.1.1","c3807b0d-8f6c-4031-bf71-b8751f20e043","dce04243-919c-4ce5-8f5a-a6356c825cbd"
"39f844d1-459f-4c1b-9258-de8ca59283f8","0","MALE","1983-05-10","INDIVIDUAL","VIVIAN JOHNSON","2024-04-12 16:30:19.710339","1481 STANNAGE AVENUE","R","BERKELEY","CA","94702","ALAMEDA COUNTY","US","4177622263","landline","0376873245983896","VIVIAN.JOHNSON@EMAIL.COM","d08f7c65-3ea3-4a97-98ca-592f0f7e9652","10240cd0-0e49-49dd-a024-e5f4cd1b9791","PASSPORT","191.129.1.1","7f278f6d-f753-43cb-828e-a1807011af42","f1fbc636-c2da-422b-84ba-14d7a84aa732"
"f3f61dbe-ecdb-4ad2-9264-d429743ea832","0","MALE","1983-05-20","ENTITY","SMITH LLC","2024-04-12 16:30:19.720484","304 WILMINGTON ISLAND ROAD","A","SAVANNAH","GA","31410","APPLING COUNTY","US","1543597518","mobile","9680221051075666","SMITH.LLC@EMAIL.COM","0eaf96ee-084f-48e4-b896-451a3b5e6ee0","da1ad1fc-aa57-4001-ab38-9bc60570e951","DRIVER'S LICENSE","191.123.1.1","7e2e2317-77d8-420e-a453-c8523eb36c9b","0b5d5cd0-19fb-4596-b369-526f797320a4"
"f38c891f-b90e-4b4f-8628-fb588fd3135a","0","FEMALE","1983-05-10","INDIVIDUAL","EMILY MILLER","2024-04-12 16:30:19.729526","713 RINGGOLD DRIVE","","NASHVILLE","TN","37207","ANDERSON COUNTY","US","2744375347","mobile","6164804400774988","EMILY.MILLER@EMAIL.COM","6a3c374c-3423-40cb-b5c0-5400eb06e980","44b9be49-5120-456a-beb0-8eca04a0469d","SOCIAL SECURITY NUMBER","191.121.1.1","5f10e18b-f7a9-4543-b746-9d3f4008a056","f7c97f46-ed99-4f03-b831-016d129b5e77"
"705b2cf0-a72f-4d94-ad02-3e3222943628","0","FEMALE","1983-05-17","ENTITY","SMITH LLC","2024-04-12 16:30:19.738919","3313 DAISY TRAIL","","NASHVILLE","TN","37013","ANDERSON COUNTY","US","4177622263","landline","6106308174316501","SMITH.LLC@EMAIL.COM","4888c3c4-46a3-4383-b726-4c81a639d30c","5631f17f-51fc-4b8d-9544-3fe67601e804","PASSPORT","191.124.1.1","d3476f07-edfe-4d3e-b2bc-133cbcf0e9f6","f72352c2-735f-40c3-9a43-fd7ee16781c2"
"45ee2e93-9367-4f75-8963-ee740688ffdb","0","FEMALE","1983-05-17","INDIVIDUAL","HEIDI ANDERSON","2024-04-12 16:30:19.748084","813 HOLT GROVE COURT","","NASHVILLE","TN","37211","ANDERSON COUNTY","US","5663919462","mobile","6237710277371808","HEIDI.ANDERSON@EMAIL.COM","c5f85c3f-f14b-4f93-8c98-826a6c0305ed","066c5a81-5949-4173-a8c3-51ff6e708594","SOCIAL SECURITY NUMBER","191.121.1.1","77e9f2d4-1919-4b53-b056-ce2123a9a855","34d3b272-fc2c-47f5-acdb-70b89513954e"
"8add7f05-9971-4baf-852e-f30daa27b18c","1","FEMALE","1983-05-19","INDIVIDUAL","LEAH JOHNSON","2024-04-12 16:30:19.757707","627 EMERSON STREET NORTHWEST","","WASHINGTON","DC","20011","DISTRICT OF COLUMBIA","US","0150713555","landline","8921653087643061","LEAH.JOHNSON@EMAIL.COM","4888c3c4-46a3-4383-b726-4c81a639d30c","956ac367-9c64-49e6-b535-a3e298558a2d","SOCIAL SECURITY NUMBER","191.121.1.1","29d63782-3346-49c8-95bf-65bf0b60cb47","65d643b0-a4da-4fb7-9ef6-4a0d44de06dc"
"3c1d88dd-13af-4466-a4bf-f3f4655a90cd","1","FEMALE","1983-05-12","ENTITY","ANDERSON LLC","2024-04-12 16:30:19.768691","47634 KATO ROAD","","FREMONT","CA","94538","ALAMEDA COUNTY","US","3683063434","mobile","2076865146600806","ANDERSON.LLC@EMAIL.COM","2f74b715-68ee-47c7-8667-663ff4f5a071","5631f17f-51fc-4b8d-9544-3fe67601e804","PASSPORT","191.127.1.1","35bcedc5-61c1-43f7-b30e-8279adc5fe85","08f6db57-5033-497d-8e05-2b7642e5962d"
"18e2fd12-8622-4517-aba9-3c338f698baa","1","FEMALE","1983-05-11","INDIVIDUAL","BIANCA JOHNSON","2024-04-12 16:30:19.768790","591 SUMMER BREEZE CIR","#701","MEXICO BEACH","FL","32456","LIBERTY COUNTY","US","8590135760","mobile","7178940589644744","BIANCA.JOHNSON@EMAIL.COM","0e7520ce-2076-4034-9923-742f3b30dd07","b36ecd9f-b5c6-4ba4-b896-7b2850691c21","PASSPORT","191.128.1.1","24ea6b23-9ec4-4d62-9250-ed91b57b7b9a","a52eb4fd-6eaf-481c-a11b-4a16b40b212b"
"052de281-b3ee-4945-8975-3021ef794f04","1","FEMALE","1983-05-17","ENTITY","BROWN LLC","2024-04-12 16:30:19.777944","257 BROADWAY","","LYNN","MA","01904","BARNSTABLE COUNTY","US","8614917164","landline","6266526234730632","BROWN.LLC@EMAIL.COM","ec48444b-5cd1-45f3-9dee-97c84b56b19e","2440d51b-39f5-421c-9960-c6e33c31f9ff","SOCIAL SECURITY NUMBER","191.125.1.1","aa6a6be0-f94c-441b-9670-f65428590e76","977dc2f9-fee9-4f4f-8292-e9a8b467235b"
"7874f391-1a5c-484f-8e95-2f6986f0cb67","1","FEMALE","1983-05-10","INDIVIDUAL","LEAH BROWN","2024-04-12 16:30:19.787116","410 51ST AVENUE NORTH","","NASHVILLE","TN","37209","ANDERSON COUNTY","US","0789217552","mobile","9448922215094790","LEAH.BROWN@EMAIL.COM","7ae717e0-3c24-474d-9675-23dad3946718","3c084432-e0d7-4c65-9c94-1e1c08c8e670","SOCIAL SECURITY NUMBER","191.122.1.1","2a987c3c-1d5e-4aee-81a8-6608a9e5ee01","68ea98f5-aa07-4cca-9d18-6e5326aff87e"
"e8dbda39-bdbb-4332-8a5f-ffcf89122b2f","0","MALE","1983-05-17","ENTITY","JOHNSON LLC","2024-04-12 16:30:19.787214","591 SUMMER BREEZE CIR","#701","MEXICO BEACH","FL","32456","LIBERTY COUNTY","US","7207896827","landline","7502376559867485","JOHNSON.LLC@EMAIL.COM","29c76c7c-1550-499b-88af-7981097c1c72","d7fb0e31-b20b-4143-b4c6-d7809f0580cc","PASSPORT","191.125.1.1","b2b0b926-5883-496b-a946-0f92fd0ab87f","dc48f34b-18e3-4882-acb0-ee6df62059d1"
"7ce1915d-af9e-441b-9813-30d11562b47f","0","FEMALE","1983-05-19","INDIVIDUAL","LEAH ANDERSON","2024-04-12 16:30:19.796579","4920 QUONSET DRIVE","","SACRAMENTO","CA","95820","ALAMEDA COUNTY","US","1794597484","landline","1298942734644286","LEAH.ANDERSON@EMAIL.COM","8647cd07-f205-438d-9e2d-9bf76edf8cc4","2cb292d6-368b-47ba-99ca-b4e737c7773f","SOCIAL SECURITY NUMBER","191.122.1.1","3fa2c65c-8ea5-4ae4-9c4b-749433f66e8d","47760801-709c-4b10-ae6d-ae244e2712c7"
"dc90fb3e-b29d-4d49-a314-e0c6681d0fee","0","FEMALE","1983-05-14","ENTITY","ANDERSON LLC","2024-04-12 16:30:19.806406","11 ROSEWOOD LANE","","ESSEX","VT","05452","ADDISON COUNTY","US","4692574589","landline","1825417562517734","ANDERSON.LLC@EMAIL.COM","359ecad8-1796-4f6a-8195-7a1f5b9eccfb","6a86c5af-c7dc-4eff-8555-ba3cfaab62d0","DRIVER'S LICENSE","191.128.1.1","95a06a9c-6bdb-495f-83d7-df1cd89c9338","501c8c6b-1b6c-4eee-af97-e5c7e9a946c9"
"ade19273-cc43-4c5b-b414-d41efb35056d","1","MALE","1983-05-14","INDIVIDUAL","LEAH SMITH","2024-04-12 16:30:19.815714","5275 NORTH 59TH AVENUE","","GLENDALE","AZ","85301","APACHE COUNTY","US","4177622263","mobile","5916504729509273","LEAH.SMITH@EMAIL.COM","6c67d07c-402a-49b1-af52-1be3f067e10d","c5d2632b-f13a-41eb-b017-6545d30257a7","SOCIAL SECURITY NUMBER","191.129.1.1","a350418a-7298-412c-b2f3-45cccd117f7c","4416f206-7015-4228-aae9-d254f5a2c1d3"
"cf23d03d-806c-4509-bc2a-c2bc82fd9f9c","0","MALE","1983-05-10","INDIVIDUAL","VIVIAN SMITH","2024-04-12 16:30:19.825480","301 ARGONAUT STREET","","PANAMA CITY BEACH","FL","32413","LIBERTY COUNTY","US","5029876245","landline","4701353100326581","VIVIAN.SMITH@EMAIL.COM","cf0a70c5-13a2-4393-9b1d-4b742e9acfbe","d1d9f31a-b671-4fe0-a8c6-3c6dfdb6fbc4","DRIVER'S LICENSE","191.122.1.1","45031d79-1f50-4523-b955-1c806601b852","8f8e0112-bdd9-46ef-a81d-a6c0e2a8b818"
"2dbd94df-09d8-4cba-a16f-48a0c9e40d20","1","MALE","1983-05-17","ENTITY","MILLER LLC","2024-04-12 16:30:19.835308","7822 CLUB CREST DRIVE","","ARVADA","CO","80005","ADAMS COUNTY","US","2672083424","landline","8090351563282806","MILLER.LLC@EMAIL.COM","dcf22933-024e-48a6-816d-a98be4e69bda","af864dd2-bb4c-4957-9a37-0f3a1a06db2f","PASSPORT","191.129.1.1","bd2c5686-dbdc-47b4-8676-b7f5b5aec957","7610612c-adc0-4c50-a912-b7ccf265bb88"
"ce8266ab-5d9e-40ef-b6f7-52af25b0baaa","0","MALE","1983-05-12","INDIVIDUAL","LEAH ANDERSON","2024-04-12 16:30:19.844878","2636 KNOLLWOOD DRIVE","","MONTGOMERY","AL","36116","AUTAUGA COUNTY","US","1284960230","mobile","9435220875347519","LEAH.ANDERSON@EMAIL.COM","ccb8e0fa-98bd-4f7e-a497-7d01a541aea2","469b2967-caa8-474a-abf8-e23e42215d9b","SOCIAL SECURITY NUMBER","191.128.1.1","b84d0301-8fdb-4478-b208-ebe78ad66fb7","c3dfabc8-351f-4a67-9909-45b05ae61fcf"
"9f048cc4-5543-4c9c-b380-ceef99ebcdcd","1","FEMALE","1983-05-16","ENTITY","MILLER LLC","2024-04-12 16:30:19.854378","4960 MAPLE GROVE DRIVE","","FAYETTEVILLE","AR","72764","ARKANSAS COUNTY","US","5127512906","mobile","9838613413288691","MILLER.LLC@EMAIL.COM","1b85b717-b5c5-4683-adf7-20ff54c9625d","1e60fd6f-eb59-49c5-a972-ba93af6b45f1","DRIVER'S LICENSE","191.122.1.1","7a0003f8-e582-4193-87a9-fe0347ef3ee0","f2b3e845-4076-4751-9489-df5bc557471b"
"c08b08f4-8949-40a5-ba09-6015e3e7824d","1","MALE","1983-05-13","ENTITY","BROWN LLC","2024-04-12 16:30:19.865091","2410 PAFFORD DRIVE","","NASHVILLE","TN","37206","ANDERSON COUNTY","US","4177622263","landline","0615899673049409","BROWN.LLC@EMAIL.COM","addd03fd-b173-47be-a437-d5565888712c","8634d279-0bb1-4866-a625-6e2520ff7aa0","SOCIAL SECURITY NUMBER","191.128.1.1","b2b6748c-ec3d-4e6e-a2a7-4911f4221986","2a2a1321-d146-4f16-8953-c63572c2574a"
"d2dff263-5f73-4f39-97b5-069845b744e8","0","FEMALE","1983-05-13","ENTITY","ANDERSON LLC","2024-04-12 16:30:19.874265","10340 WEST 62ND PLACE","","ARVADA","CO","80004","ADAMS COUNTY","US","1461613592","mobile","7016957502555341","ANDERSON.LLC@EMAIL.COM","1e023024-efb1-4486-9ebc-8ba5c419d33f","14c2892d-15c9-48f7-bd7b-945754436b8c","SOCIAL SECURITY NUMBER","191.125.1.1","8ef15681-fe23-42d2-91f1-d79977280b4d","fe76b6bd-1455-4990-9fab-c8c92a7be45b"
"1af306df-2d8d-418a-9a61-83fbcd6359ca","1","FEMALE","1983-05-14","ENTITY","BROWN LLC","2024-04-12 16:30:19.883237","410 WEST 89TH AVENUE","","ANCHORAGE","AK","99515","ALEUTIANS EAST BOROUGH","US","6421428292","mobile","5881170326584435","BROWN.LLC@EMAIL.COM","4888c3c4-46a3-4383-b726-4c81a639d30c","8aa1645f-a5c3-4b39-a173-71fa7c8bc8c8","DRIVER'S LICENSE","191.123.1.1","800e47b0-919b-4811-bb65-ff1ee10cc3ae","6ecae61f-9c5d-4fd3-8f6f-63090e762d7f"
"a4926c93-a63b-46e2-856e-bac97c7b7205","1","FEMALE","1983-05-18","INDIVIDUAL","JOHN JOHNSON","2024-04-12 16:30:19.892110","100 LAKE FOREST DRIVE","","MONTGOMERY","AL","36117","AUTAUGA COUNTY","US","4177622263","landline","6735407768693750","JOHN.JOHNSON@EMAIL.COM","d5f4fd49-1054-4023-835c-772595d427f4","c32497c3-fb4c-4f53-b7fe-58196241dc84","DRIVER'S LICENSE","191.125.1.1","317af365-702b-4eba-92fb-200aea8af37b","d84bd294-c928-42e6-a34f-369ebc98efff"
"204f40ca-58c6-496b-b4a1-f7a0ae2bae66","0","FEMALE","1983-05-10","ENTITY","MILLER LLC","2024-04-12 16:30:19.900637","1711 LORE ROAD","#APT 000106","ANCHORAGE","AK","99507","ALEUTIANS EAST BOROUGH","US","4177622263","landline","8287443084491314","MILLER.LLC@EMAIL.COM","42dbd771-2b23-42ca-a965-574740595ebe","e03de556-645f-45d3-9ad4-03115a207e1d","SOCIAL SECURITY NUMBER","191.128.1.1","01734c55-1856-450d-a30b-de92d7635442","622cbf33-a30c-4405-a51d-d91445042219"
"d1384fb8-744f-43c4-be97-439e9deeb7dc","1","FEMALE","1983-05-14","ENTITY","JOHNSON LLC","2024-04-12 16:30:19.910142","3111 GENTILLY COURT","","MONTGOMERY","AL","36116","AUTAUGA COUNTY","US","4334474392","landline","0947872763856482","JOHNSON.LLC@EMAIL.COM","c1c08ae3-92b0-4c85-ae5d-f7690180fb00","22efe7ac-e470-4b79-a0c8-0034fba1aed0","DRIVER'S LICENSE","191.122.1.1","e7005a15-e991-4a89-8261-c2d5776412e2","b5dcf38b-86df-429d-a0ba-a79191fc4f02"
"3c8153b6-e76c-4a79-aef6-979031aa57c0","1","FEMALE","1983-05-11","INDIVIDUAL","EMILY MILLER","2024-04-12 16:30:19.919766","5715 SAINT MATTHEW DRIVE","","NEWARK","CA","94560","ALAMEDA COUNTY","US","1818960304","mobile","0382677400547651","EMILY.MILLER@EMAIL.COM","6c67d07c-402a-49b1-af52-1be3f067e10d","10240cd0-0e49-49dd-a024-e5f4cd1b9791","PASSPORT","191.121.1.1","66015442-69d0-430a-936b-4314f9436f5d","c9c30a69-1ffc-49f9-9261-5d8ec694a3b6"
"603befa2-734d-40b3-9fcb-5163baca78cb","1","FEMALE","1983-05-19","INDIVIDUAL","JOHN SMITH","2024-04-12 16:30:19.929405","3101 PENLAND PARKWAY","#STE H6","ANCHORAGE","AK","99508","ALEUTIANS EAST BOROUGH","US","9636193967","mobile","3328835618907866","JOHN.SMITH@EMAIL.COM","d769530f-b3a9-4cdc-aa86-e274da1018f8","0e1a96e5-b8ea-4a92-af92-9d41b71285b9","PASSPORT","191.122.1.1","03c237b6-d394-4faf-8802-9dc5100d1d3b","a26659ad-96be-428b-8492-fc5ba92f6d03"
"34198a1b-ad12-497d-92ef-d42eba38cfb9","0","FEMALE","1983-05-15","INDIVIDUAL","GABRIEL MILLER","2024-04-12 16:30:19.938811","704 CRESCENT ROAD","","NASHVILLE","TN","37205","ANDERSON COUNTY","US","4022380368","mobile","2357734784365905","GABRIEL.MILLER@EMAIL.COM","6c67d07c-402a-49b1-af52-1be3f067e10d","c5d2632b-f13a-41eb-b017-6545d30257a7","SOCIAL SECURITY NUMBER","191.126.1.1","76049146-6337-4fb9-8b6b-53fba6b315f1","3d41c565-9478-4720-b43e-d451bb694124"
"2bab9a7a-5f8d-4608-affb-435725080472","0","MALE","1983-05-16","INDIVIDUAL","PETER JOHNSON","2024-04-12 16:30:19.948115","6005 TAMARACK DRIVE","","MONTGOMERY","AL","36117","AUTAUGA COUNTY","US","7644719993","landline","5459008147332069","PETER.JOHNSON@EMAIL.COM","20a1f4e5-3d09-46a0-aad4-73e6a35ce692","5631f17f-51fc-4b8d-9544-3fe67601e804","PASSPORT","191.124.1.1","2567ae40-bb9b-439b-83c9-cae5bd8d7e0b","fd3764f7-bcba-4e23-8564-cd1a174522e9"
"aa4d6374-d108-47b2-b969-c662f02b88ba","0","MALE","1983-05-16","INDIVIDUAL","BIANCA SMITH","2024-04-12 16:30:19.958446","353 O STREET SOUTHWEST","","WASHINGTON","DC","20024","DISTRICT OF COLUMBIA","US","6002326246","mobile","6841226269827700","BIANCA.SMITH@EMAIL.COM","c1605359-aef6-4890-bd1a-efe71a40c9dd","e03de556-645f-45d3-9ad4-03115a207e1d","SOCIAL SECURITY NUMBER","191.122.1.1","aa6a6be0-f94c-441b-9670-f65428590e76","969a68a4-644a-4343-8fd7-7d466302855e"
"d796dff8-c88c-491d-93fa-c53b0b935b17","1","MALE","1983-05-10","INDIVIDUAL","HAN SMITH","2024-04-12 16:30:19.967425","1909 SEVENTH STREET","M","BERKELEY","CA","94710","ALAMEDA COUNTY","US","0689114813","mobile","8311286869083063","HAN.SMITH@EMAIL.COM","78958265-c361-45a2-a351-5fb175750020","fd7b6d90-9c96-47ab-8a8e-0e4f8c267093","SOCIAL SECURITY NUMBER","191.122.1.1","90663071-ca6f-4305-8766-3f0baa8b4006","9ad5f3eb-42f9-4679-b571-4aaa309e726b"
"68fe992d-a922-4e61-b889-78d15f418faf","1","FEMALE","1983-05-11","ENTITY","MILLER LLC","2024-04-12 16:30:19.976735","2313 MANSFIELD AVENUE","","DEL CITY","OK","73115","ADAIR COUNTY","US","0940788645","mobile","6411241969932827","MILLER.LLC@EMAIL.COM","17773d05-7cda-4720-804a-72fd3445e08c","9a6af8b8-cb6a-45ac-90ef-1552d608e286","SOCIAL SECURITY NUMBER","191.125.1.1","0c7fdcf9-40c3-4e63-bb0e-ef809492c2aa","0c23491e-898a-4c4a-9e7c-b53c7a7dbefc"
"a33fb6ae-8012-4335-a4fa-1b621a72d840","0","MALE","1983-05-10","ENTITY","ANDERSON LLC","2024-04-12 16:30:19.985571","3541 NORTH ROAD","","MAIDSTONE","VT","05905","ADDISON COUNTY","US","5327000672","mobile","7495453235181604","ANDERSON.LLC@EMAIL.COM","ae40766e-9591-4ad0-8d71-514a4898eaaf","dfb72d72-08df-4fc9-96da-b2f87bbaf0a7","PASSPORT","191.126.1.1","993c2685-b57c-4855-bece-843458be48ef","032d66e8-5a9e-46a0-b815-c2c87f485ba7"
