"application","created_at","status","line_of_credit","annual_percentage_rate","is_fraud","address_type","line_1","line_2","city","state","zipcode","county","country","phone","phone_type","name","card","product","email","party","dob","account","id","id_type","ip","device"
"7da7048b-16f3-46f0-bdf4-a1ddd5c8005a","2024-04-12 15:58:49.980473","PENDING","3599.22","23.55","False","mailing","188 RIVER ROAD","","ESSEX","VT","05452","ADDISON COUNTY","US","1532780372","landline","VIVIAN ANDERSON","7598109925079026","51a36ad8-96fa-41fc-a2f1-6e0e39a126c9","VIVIAN.ANDERSON@EMAIL.COM","d0ab8251-4bc0-40e6-a16a-244533a85670","1983-05-18","e5a1054b-f8bd-488a-8bd9-26a5ced2e9e8","483be36d-70f2-4330-bfc6-342814406d25","DRIVER'S LICENSE","192.169.1.1","fde27c5f-62ee-4d30-90fa-d923ed6b985e"
"ca70d7fc-ae8e-47fe-81da-24039c720a90","2024-04-12 15:58:49.991268","APPROVED","1542.47","27.01","False","mailing","134 BUTTERNUT ROAD","","MANCHESTER","CT","06040","FAIRFIELD COUNTY","US","3612134528","mobile","VIVIAN SMITH","9488066475543780","319ef693-0e13-412e-94f3-a3e442a7380b","VIVIAN.SMITH@EMAIL.COM","660e2936-8f20-44a6-9795-902c4081418b","1983-05-15","f76024c3-9e5b-4355-a688-496d3929b85a","bffc4f2e-e0aa-4e78-af88-59739e59e255","PASSPORT","192.168.1.1","7e880556-1fab-420c-9a43-6b7b826caab2"
"7246f35a-62c4-4ecf-926f-1894d4d154ee","2024-04-12 15:58:49.991375","PENDING","219.65","17.11","False","primary","3203 US HIGHWAY 98","A","MEXICO BEACH","FL","32456","LIBERTY COUNTY","US","2866083921","landline","BIANCA SMITH","1819454083867435","51a36ad8-96fa-41fc-a2f1-6e0e39a126c9","BIANCA.SMITH@EMAIL.COM","b2f2fd17-7e01-4f00-9806-01255fcc6d6e","1983-05-17","c7d472be-43f8-41c2-9f33-4f0a89237a75","15192836-2b22-4c15-a8ad-994c91e5105a","PASSPORT","192.161.1.1","7acea4e8-e07d-4845-a83f-7bde07b5da0d"
"3d45cc76-a82e-45a5-8d53-64770e13962a","2024-04-12 15:58:50.003887","DISAPPROVE","8167.32","22.7","True","mailing","2902 FLINT STREET","","UNION CITY","CA","94587","ALAMEDA COUNTY","US","7977313723","landline","BIANCA BROWN","1065636621294976","84ed831d-70d0-4f13-8702-52f95e054d51","BIANCA.BROWN@EMAIL.COM","b8b233c4-5bc9-44ab-b14e-eab2eeaed915","1983-05-15","ea04d210-80ad-4ecf-8954-0f67bb24bef9","8bd2f7e9-df96-4c4d-b4a9-0b59a5153c54","DRIVER'S LICENSE","192.165.1.1","e6a2a55e-bf49-49f9-be99-cdd70caef517"
"211fdd7d-c9c9-44ce-b4b5-31d587afb171","2024-04-12 15:58:50.014348","APPROVED","8473.27","25.27","False","primary","112 CHEROKEE ROAD","","NASHVILLE","TN","37205","ANDERSON COUNTY","US","1349158685","landline","HAN BROWN","8237769772731210","51a36ad8-96fa-41fc-a2f1-6e0e39a126c9","HAN.BROWN@EMAIL.COM","c46add64-c18e-4d0f-b539-e1fcfce9832c","1983-05-19","22a59724-39ff-460e-a0d7-950ae91924ea","7c872b1f-322d-47ea-8857-b0803f9ac4f2","DRIVER'S LICENSE","192.161.1.1","e0b1c70a-7470-4cdf-b464-c24a5ac42ddd"
"b3e4f54e-42db-41d7-ac2c-75f235634e3f","2024-04-12 15:58:50.023921","PENDING","6730.09","1.05","False","primary","5814 CARRIAGE BROOK ROAD","","MONTGOMERY","AL","36116","AUTAUGA COUNTY","US","0008780931","landline","GABRIEL ANDERSON","0750144826645892","51a36ad8-96fa-41fc-a2f1-6e0e39a126c9","GABRIEL.ANDERSON@EMAIL.COM","91cf17f6-920a-4199-b290-2923ac200527","1983-05-12","9f2734e0-981b-4f8a-a191-00ee3a7a9e8d","52e31f1a-236d-4845-8b91-266cbceff7ef","SOCIAL SECURITY NUMBER","192.169.1.1","873adcc3-8291-4061-a7ab-49e97cd3d275"
"04c97c06-53c2-419e-ac82-22996d678aa9","2024-04-12 15:58:50.033842","DISAPPROVE","6926.02","34.26","True","mailing","1478 SHARPS POINT ROAD","","ANNAPOLIS","MD","21409","ALLEGANY COUNTY","US","7598510129","landline","JOHN MILLER","2190931905004401","84ed831d-70d0-4f13-8702-52f95e054d51","JOHN.MILLER@EMAIL.COM","7977dcc2-19b9-410f-b70b-804d0cb6a3c9","1983-05-15","eaa3952a-bd20-48d8-ba62-7e5e8321b68c","f3e70b07-aea4-428a-9f09-597c651034a6","PASSPORT","192.165.1.1","f963a943-8386-442a-b38a-fedd2ba5e933"
"1e8ff074-483b-4260-bc3b-6b1f978f607d","2024-04-12 15:58:50.043782","PENDING","4549.82","7.89","False","mailing","1427 H STREET","","ANCHORAGE","AK","99501","ALEUTIANS EAST BOROUGH","US","3906019607","landline","GABRIEL MILLER","0502306813145545","319ef693-0e13-412e-94f3-a3e442a7380b","GABRIEL.MILLER@EMAIL.COM","9f5d31a5-e3bc-4125-b8b6-047450202281","1983-05-19","f8ec79a6-f7de-4446-b1b6-dae437650458","f8299f23-d053-406a-b5c3-56ca7686cd1b","SOCIAL SECURITY NUMBER","192.168.1.1","94c87c9b-41de-4cac-a851-de7efb4384b0"
"8b2e6e06-cc72-48c5-8016-816fc4a34ce0","2024-04-12 15:58:50.053809","DISAPPROVE","5701.43","8.96","True","mailing","108 SPRINGER LANE","","YARMOUTH","MA","02673","BARNSTABLE COUNTY","US","2167871949","landline","BIANCA JOHNSON","7850051851137588","8a782dbd-4149-42ad-944e-e675d3bf1dc7","BIANCA.JOHNSON@EMAIL.COM","614128d1-a179-41df-9a69-aff74ba68771","1983-05-15","02cafbbe-084a-4d68-bad2-83d53f039164","f8299f23-d053-406a-b5c3-56ca7686cd1b","SOCIAL SECURITY NUMBER","192.162.1.1","4516798b-26d6-43f7-8247-c2467d886c69"
"5a42a999-b8a3-4b8e-a8ee-69c8516112c7","2024-04-12 15:58:50.065190","PENDING","1134.06","14.2","False","primary","6412 LENAWEE STREET","","PANAMA CITY","FL","32404","LIBERTY COUNTY","US","9759923017","mobile","JOHN MILLER","4750125205631010","84ed831d-70d0-4f13-8702-52f95e054d51","JOHN.MILLER@EMAIL.COM","91adf62d-ac75-45aa-bc5d-b4750e30e2b3","1983-05-16","ea23dbdc-7866-451d-aa3d-44dc6f1ef163","c81b27af-aabf-4a00-8488-034918943172","SOCIAL SECURITY NUMBER","192.167.1.1","486e4ba8-e276-4697-9692-5885d766447d"
"9a1d8015-92fc-45fb-81d3-0a700a4a1a31","2024-04-12 15:58:50.074994","APPROVED","6640.14","12.87","False","mailing","4 OLD COLONY WAY","","YARMOUTH","MA","02664","BARNSTABLE COUNTY","US","8673213403","landline","LEAH SMITH","0609635529994352","319ef693-0e13-412e-94f3-a3e442a7380b","LEAH.SMITH@EMAIL.COM","f8a37e06-efa6-4e27-8836-48ad08db64c3","1983-05-10","aac5828e-f3ba-4883-8df5-5bae43eb02f5","f12f1158-66b5-4f91-9e12-92d356508476","DRIVER'S LICENSE","192.161.1.1","4f487277-ecbe-4f0a-888a-4db749ea4104"
"9dc85f44-027a-4bf0-bfe4-d84210d3ba5d","2024-04-12 15:58:50.084536","APPROVED","3152.11","19.82","False","primary","901 NORTH LINCOLN BOULEVARD","","OKLAHOMA CITY","OK","73104","ADAIR COUNTY","US","4594942721","landline","HAN SMITH","1741508057408757","319ef693-0e13-412e-94f3-a3e442a7380b","HAN.SMITH@EMAIL.COM","b9c28b36-1b6f-431e-b757-93a3e576af67","1983-05-14","a87445f7-c6f4-4c41-9990-8ea2664d0181","57ddc2c9-35c9-4608-be35-f5442eceef26","PASSPORT","192.169.1.1","554c670b-0da2-4c31-adac-636ea05b93a8"
"5a3770de-8898-4cd4-9607-222f4ed73d05","2024-04-12 15:58:50.094125","PENDING","6586.75","19.25","False","primary","6315 NORTH ORO VISTA COURT","","LITCHFIELD PARK","AZ","85340","APACHE COUNTY","US","5330200925","landline","BIANCA ANDERSON","1128514523183001","6835b33e-dd55-499d-a551-e6c4da8fa7b9","BIANCA.ANDERSON@EMAIL.COM","82823b60-2a20-495e-b371-d6a23f14e85b","1983-05-12","9f2734e0-981b-4f8a-a191-00ee3a7a9e8d","7e0bb3bb-652f-47b5-9033-ace9d5331fb5","SOCIAL SECURITY NUMBER","192.168.1.1","41c67d5d-516c-4b1c-ad73-efd19f94caec"
"e285352f-1b55-4871-a294-9863790165ae","2024-04-12 15:58:50.103936","DISAPPROVE","712.68","1.7","True","primary","449 SARATOGA LANE","","MONTGOMERY","AL","36117","AUTAUGA COUNTY","US","1177622262","mobile","HAN ANDERSON","2616517690530287","8a782dbd-4149-42ad-944e-e675d3bf1dc7","HAN.ANDERSON@EMAIL.COM","1576691e-4d37-4e44-8cd3-2f2a92aec6fa","1983-05-20","921e89d8-ad74-4a86-bbe7-5ed3a36a941b","2bd22082-9513-47db-b652-c6669af961d0","DRIVER'S LICENSE","192.167.1.1","92d843dd-4426-4999-8f14-89f2700a8162"
"4925abd8-fbcd-421d-aa2f-311e6c75e9c2","2024-04-12 15:58:50.113118","DISAPPROVE","3496.37","2.83","True","primary","711 TASHANNA LANE","","SOUTHPORT","FL","32409","LIBERTY COUNTY","US","1177622262","mobile","BIANCA BROWN","9677007828051603","319ef693-0e13-412e-94f3-a3e442a7380b","BIANCA.BROWN@EMAIL.COM","46ec64dc-9326-4b34-a3d1-fd839f839a20","1983-05-17","9f2734e0-981b-4f8a-a191-00ee3a7a9e8d","3f1158b2-154c-491b-bbe5-576d17a4bb02","PASSPORT","192.165.1.1","43b7a13b-7947-44ec-8ae0-01b74137d383"
"e50c0415-13ec-4862-ac16-01915e33e88c","2024-04-12 15:58:50.123133","DISAPPROVE","8070.19","25.98","True","mailing","4600 EAST HUNTSVILLE ROAD","","FAYETTEVILLE","AR","72701","ARKANSAS COUNTY","US","9018480262","landline","EMILY ANDERSON","8700164243911500","8a782dbd-4149-42ad-944e-e675d3bf1dc7","EMILY.ANDERSON@EMAIL.COM","b2f2fd17-7e01-4f00-9806-01255fcc6d6e","1983-05-12","9f2734e0-981b-4f8a-a191-00ee3a7a9e8d","ca8935d9-5c95-4198-92c0-d415f522cded","DRIVER'S LICENSE","192.169.1.1","94c87c9b-41de-4cac-a851-de7efb4384b0"
"91f3cd57-9610-4963-b9a9-2354eab92887","2024-04-12 15:58:50.123307","DISAPPROVE","8688.81","1.68","True","primary","3203 US HIGHWAY 98","A","MEXICO BEACH","FL","32456","LIBERTY COUNTY","US","0565095348","mobile","HEIDI MILLER","2342982322978786","319ef693-0e13-412e-94f3-a3e442a7380b","HEIDI.MILLER@EMAIL.COM","d79eb6e9-ddbe-42eb-98da-d28ffcbaf36f","1983-05-19","0384fd7a-1dad-4324-832e-b10a75a31717","194fea30-304c-4a7d-914e-8d3bd3411bce","SOCIAL SECURITY NUMBER","192.168.1.1","41c67d5d-516c-4b1c-ad73-efd19f94caec"
"585d744e-710b-4a93-b255-42f1caaa3f2b","2024-04-12 15:58:50.123387","DISAPPROVE","7448.99","19.16","True","mailing","3203 US HIGHWAY 98","A","MEXICO BEACH","FL","32456","LIBERTY COUNTY","US","9810315980","landline","SAM ANDERSON","8438378396403813","6835b33e-dd55-499d-a551-e6c4da8fa7b9","SAM.ANDERSON@EMAIL.COM","91adf62d-ac75-45aa-bc5d-b4750e30e2b3","1983-05-13","27c8a3cc-19c4-49b3-a205-acd3889158f5","68931aca-dbab-4223-8ca9-42dadab25154","DRIVER'S LICENSE","192.165.1.1","e4a9eb23-0f1d-4fa0-922b-e3c011b8c1d3"
"5bf5405c-6898-4d2f-9faa-60a7b86bd6e7","2024-04-12 15:58:50.132494","APPROVED","4390.49","37.68","False","primary","3100 DON JUAN COURT","","MONTGOMERY","AL","36110","AUTAUGA COUNTY","US","6197697526","landline","LEAH JOHNSON","6881493766737327","84ed831d-70d0-4f13-8702-52f95e054d51","LEAH.JOHNSON@EMAIL.COM","a8cbfb24-d498-46eb-9fa2-3a0eaaf495e3","1983-05-14","069c255a-e3eb-4afd-bd51-3bf74b299791","07e9c76a-7287-4e06-941a-6af83e2d8358","PASSPORT","192.167.1.1","e4a9eb23-0f1d-4fa0-922b-e3c011b8c1d3"
"8c05be0e-a90d-4497-851a-c3702d7d7692","2024-04-12 15:58:50.132595","DISAPPROVE","7307.73","36.9","True","primary","3203 US HIGHWAY 98","A","MEXICO BEACH","FL","32456","LIBERTY COUNTY","US","8244064914","mobile","BIANCA BROWN","7296706025948760","84ed831d-70d0-4f13-8702-52f95e054d51","BIANCA.BROWN@EMAIL.COM","660e2936-8f20-44a6-9795-902c4081418b","1983-05-11","031d205b-9624-4c22-bec0-3448ee7e4f76","87be2da6-9c0a-4331-87b0-791530bda1c9","DRIVER'S LICENSE","192.165.1.1","3746767f-b669-4bb7-8f49-cbe53bcf903f"
"4d5ded9c-3f28-4294-9b4b-68e66723c8a7","2024-04-12 15:58:50.141450","DISAPPROVE","5949.59","11.11","True","primary","12 SAINT ANDREWS CROSSOVER","","SEVERNA PARK","MD","21146","ALLEGANY COUNTY","US","7807623059","mobile","VIVIAN MILLER","2335220775347509","51a36ad8-96fa-41fc-a2f1-6e0e39a126c9","VIVIAN.MILLER@EMAIL.COM","ddbd15f0-e5e4-43a0-864b-a925fb974a57","1983-05-16","41c954a6-3fca-4bd0-b1dd-bd5e3adcf79d","d41f4520-5992-41bd-9565-f643385f967d","SOCIAL SECURITY NUMBER","192.161.1.1","e4a9eb23-0f1d-4fa0-922b-e3c011b8c1d3"
"f6bc8719-f7f7-470f-9061-36f0153994bd","2024-04-12 15:58:50.150696","DISAPPROVE","2847.58","28.95","True","primary","5644 KIPLING PARKWAY","#108","ARVADA","CO","80002","ADAMS COUNTY","US","4247145051","mobile","JOHN JOHNSON","9161816072088584","8a782dbd-4149-42ad-944e-e675d3bf1dc7","JOHN.JOHNSON@EMAIL.COM","3f219dd5-fa4b-4df0-96ea-460883a6440a","1983-05-12","990fb557-307e-4d4f-8122-fe4c68aa0188","07e9c76a-7287-4e06-941a-6af83e2d8358","PASSPORT","192.169.1.1","e4a9eb23-0f1d-4fa0-922b-e3c011b8c1d3"
"ee1f5b5e-49f5-41ce-a731-50a5bd69bdec","2024-04-12 15:58:50.160479","APPROVED","1486.97","30.08","False","mailing","110 OXFORD ROAD","","SAVANNAH","GA","31419","APPLING COUNTY","US","0530706581","mobile","BIANCA ANDERSON","2773474556573557","51a36ad8-96fa-41fc-a2f1-6e0e39a126c9","BIANCA.ANDERSON@EMAIL.COM","20b5430d-ea89-4485-abd9-996c38a2891a","1983-05-17","c6ca687f-57ab-4a2d-a688-c961eeead331","effb695a-e3fd-4fc5-8970-ba61512a087c","SOCIAL SECURITY NUMBER","192.161.1.1","57096f77-4818-4400-8536-fd3711814fb7"
"5ee0a372-fc1d-4b81-b688-7ed244831511","2024-04-12 15:58:50.171018","APPROVED","3297.03","28.14","False","primary","622 ELAINE DRIVE","","NASHVILLE","TN","37211","ANDERSON COUNTY","US","3561693262","landline","HEIDI JOHNSON","8268190730923855","51a36ad8-96fa-41fc-a2f1-6e0e39a126c9","HEIDI.JOHNSON@EMAIL.COM","91adf62d-ac75-45aa-bc5d-b4750e30e2b3","1983-05-11","112ef022-964c-4530-b552-146dc8dada22","ce461620-eaee-43f5-9583-db260c672cfc","DRIVER'S LICENSE","192.165.1.1","5ea00833-0892-4037-a03e-49a1edc88b10"
"191271d9-e937-4124-a61f-440e544f4256","2024-04-12 15:58:50.181093","APPROVED","3792.5","36.9","False","primary","2409 PARK STREET","","SELMA","CA","93662","ALAMEDA COUNTY","US","6443905665","landline","EMILY ANDERSON","3094298136339555","84ed831d-70d0-4f13-8702-52f95e054d51","EMILY.ANDERSON@EMAIL.COM","f8a37e06-efa6-4e27-8836-48ad08db64c3","1983-05-12","9ee51cd5-0112-4348-866c-0ecca02781a3","e7f17bf6-bdcd-4019-af93-5b02248a2d0f","PASSPORT","192.166.1.1","8381fc15-7aa6-43f9-ab03-928dab907ba0"
"0be21df7-fd14-4226-857a-fe68da90849f","2024-04-12 15:58:50.191337","PENDING","2591.96","17.8","False","primary","803 KAY LANE","","LYNN HAVEN","FL","32444","LIBERTY COUNTY","US","9585419304","mobile","VIVIAN JOHNSON","2335220775347509","8a782dbd-4149-42ad-944e-e675d3bf1dc7","VIVIAN.JOHNSON@EMAIL.COM","dffbd194-babc-4236-b70a-be6ebe82f353","1983-05-15","a553ebba-c5e4-4a1a-95c2-18ee8a803653","2bd22082-9513-47db-b652-c6669af961d0","DRIVER'S LICENSE","192.162.1.1","e4a9eb23-0f1d-4fa0-922b-e3c011b8c1d3"
"ea6456e3-bdf7-40b0-b4cf-07557796dc7e","2024-04-12 15:58:50.201464","DISAPPROVE","6294.19","15.02","True","primary","903 MALLARD CREEK ROAD","","SAINT MATTHEWS","KY","40207","ADAIR COUNTY","US","1177622262","landline","PETER ANDERSON","9894551052322301","84ed831d-70d0-4f13-8702-52f95e054d51","PETER.ANDERSON@EMAIL.COM","84277103-5768-4080-805b-042b3915e651","1983-05-20","ea23dbdc-7866-451d-aa3d-44dc6f1ef163","87be2da6-9c0a-4331-87b0-791530bda1c9","DRIVER'S LICENSE","192.162.1.1","41c67d5d-516c-4b1c-ad73-efd19f94caec"
"1bea114b-54c7-43a1-8128-4790cfb87aeb","2024-04-12 15:58:50.201573","DISAPPROVE","6516.54","26.67","True","primary","3203 US HIGHWAY 98","A","MEXICO BEACH","FL","32456","LIBERTY COUNTY","US","0955331367","mobile","GABRIEL BROWN","7964681302124709","8a782dbd-4149-42ad-944e-e675d3bf1dc7","GABRIEL.BROWN@EMAIL.COM","6c376d08-b0b2-4b9e-bd5b-c73585888454","1983-05-12","9f2734e0-981b-4f8a-a191-00ee3a7a9e8d","8bd2f7e9-df96-4c4d-b4a9-0b59a5153c54","DRIVER'S LICENSE","192.168.1.1","3abbfad1-4080-4203-8584-1f201e519cb5"
"5b8f02a4-61f0-46f7-a376-ec425a2c3f82","2024-04-12 15:58:50.211188","PENDING","4392.34","34.46","False","mailing","78 SCHOOL STREET","","WOBURN","MA","01801","BARNSTABLE COUNTY","US","1177622262","mobile","JOHN BROWN","7108826398827877","6835b33e-dd55-499d-a551-e6c4da8fa7b9","JOHN.BROWN@EMAIL.COM","d510711a-0e5e-4eea-9cb2-aa47d97ee3c0","1983-05-18","d3333b9e-a7b2-43a8-b470-774d04fab2ab","5e8ed0e0-ce6a-4cd5-9ace-bf380525e39e","SOCIAL SECURITY NUMBER","192.166.1.1","d338c0e1-1092-41bb-8f3c-3923082118c1"
"2c33f62f-c784-4c0b-b8a5-db3ab37877ee","2024-04-12 15:58:50.220638","PENDING","299.48","12.63","False","primary","5458 ZEPHYR COURT","","ARVADA","CO","80002","ADAMS COUNTY","US","2762254071","landline","HAN JOHNSON","7916186814279476","51a36ad8-96fa-41fc-a2f1-6e0e39a126c9","HAN.JOHNSON@EMAIL.COM","067283aa-81f5-4b1d-a27e-06b9c96d7ae2","1983-05-13","420f0479-9da0-434d-b3fb-f260d8f9e4b8","d41f4520-5992-41bd-9565-f643385f967d","SOCIAL SECURITY NUMBER","192.162.1.1","ea27a173-6ec9-4295-9890-8f648e171f62"
"435247a3-f376-4412-8022-1f5bd8f92265","2024-04-12 15:58:50.229958","DISAPPROVE","3424.22","7.15","True","primary","194 BUCKLAND HILLS DRIVE","#2010","MANCHESTER","CT","06042","FAIRFIELD COUNTY","US","5883564605","mobile","JOHN MILLER","5818693534905246","319ef693-0e13-412e-94f3-a3e442a7380b","JOHN.MILLER@EMAIL.COM","266fb830-a96f-4d4a-bd3c-ac3938d69b16","1983-05-11","ff71b571-ed6d-4137-9d23-1e867614a74f","dddc746f-8690-44aa-920c-cbd1fe2f06f5","DRIVER'S LICENSE","192.162.1.1","65307027-b08e-481f-938e-b963fd718bdd"
"8f791765-1f73-4a69-8d68-6023ecbaf7de","2024-04-12 15:58:50.239127","APPROVED","6953.45","1.09","False","primary","5065 NORTH 54TH AVENUE","#8","GLENDALE","AZ","85301","APACHE COUNTY","US","8839578622","mobile","EMILY BROWN","2335220775347509","319ef693-0e13-412e-94f3-a3e442a7380b","EMILY.BROWN@EMAIL.COM","c520e348-108a-4c41-8cdf-9c23be255f77","1983-05-17","9f2734e0-981b-4f8a-a191-00ee3a7a9e8d","8ee3b90b-3f55-4843-ad67-040120f496f0","PASSPORT","192.162.1.1","1fe0054c-4a2e-44bb-a21f-e0e678d2f645"
"8bb3cff5-c4ea-461c-8521-90d3142226de","2024-04-12 15:58:50.248363","DISAPPROVE","9742.23","27.65","True","mailing","5370 BUSINESS PARK DRIVE","","MONTGOMERY","AL","36116","AUTAUGA COUNTY","US","2713131199","landline","BIANCA MILLER","5297234288462592","84ed831d-70d0-4f13-8702-52f95e054d51","BIANCA.MILLER@EMAIL.COM","660e2936-8f20-44a6-9795-902c4081418b","1983-05-15","9f2734e0-981b-4f8a-a191-00ee3a7a9e8d","bffc4f2e-e0aa-4e78-af88-59739e59e255","PASSPORT","192.163.1.1","6b9cc531-88af-4acc-ae65-01bf052a9e1d"
"e236cdac-5e86-4972-bfc6-e3dbd2219947","2024-04-12 15:58:50.257553","APPROVED","6243.78","38.67","False","primary","4125 COBIA STREET","","PANAMA CITY","FL","32408","LIBERTY COUNTY","US","0753106956","mobile","EMILY SMITH","3449840661299865","319ef693-0e13-412e-94f3-a3e442a7380b","EMILY.SMITH@EMAIL.COM","f8a37e06-efa6-4e27-8836-48ad08db64c3","1983-05-13","694ae440-d146-486e-9e58-19ad104acdb7","23acf15d-030e-4e4e-997c-2f4c78dfe033","SOCIAL SECURITY NUMBER","192.163.1.1","fb1df0c1-55d8-416f-9071-45f4cc2dde99"
"c19cfe32-3766-4d5d-baa5-ec2b341ada2a","2024-04-12 15:58:50.268087","DISAPPROVE","2585.07","26.11","True","primary","3579 2ND AVENUE","","EDGEWATER","MD","21037","ALLEGANY COUNTY","US","2441448315","mobile","GABRIEL BROWN","5781390718769396","319ef693-0e13-412e-94f3-a3e442a7380b","GABRIEL.BROWN@EMAIL.COM","19849df4-7c3c-44f2-a446-4628dc02ce54","1983-05-11","942cec4e-9492-46a1-879e-df1b27e5d744","1dc14ac3-224c-47cb-8e5f-89d5ab437b57","DRIVER'S LICENSE","192.166.1.1","616e2735-f91e-4ef6-9694-7ba86e71ac98"
"90c3278e-1b86-4817-9424-896f4838eb0c","2024-04-12 15:58:50.277334","APPROVED","6966.18","17.94","False","primary","37 KENSINGTON STREET","","MANCHESTER","CT","06040","FAIRFIELD COUNTY","US","9224082241","landline","SAM JOHNSON","2489932400437804","51a36ad8-96fa-41fc-a2f1-6e0e39a126c9","SAM.JOHNSON@EMAIL.COM","b2f2fd17-7e01-4f00-9806-01255fcc6d6e","1983-05-14","3f7fe7dc-143c-495b-a3f2-d3049340babf","f7a96c2d-e9cc-41e9-9179-d67c51e1bf7c","DRIVER'S LICENSE","192.167.1.1","c736adcb-7d07-44ae-a7f4-d5838214f436"
"e95d929b-e47a-4e05-a146-92c9515ba1eb","2024-04-12 15:58:50.277441","DISAPPROVE","4933.44","19.4","True","mailing","3203 US HIGHWAY 98","A","MEXICO BEACH","FL","32456","LIBERTY COUNTY","US","1177622262","landline","GABRIEL JOHNSON","6122898704377807","51a36ad8-96fa-41fc-a2f1-6e0e39a126c9","GABRIEL.JOHNSON@EMAIL.COM","177dfe11-7036-4a45-a4fb-138be878b40b","1983-05-16","17c2072c-c434-4470-877a-514143f13216","52e31f1a-236d-4845-8b91-266cbceff7ef","SOCIAL SECURITY NUMBER","192.169.1.1","6f5fad0e-61d9-47c6-8ea3-a5f9d4799716"
"7516efe2-848c-419f-99f9-5d7ddd18cc40","2024-04-12 15:58:50.286816","APPROVED","777.38","37.17","False","primary","7952 SOUTH ALGONQUIAN WAY","","AURORA","CO","80016","ADAMS COUNTY","US","5965469048","mobile","BIANCA BROWN","8151762311986176","8a782dbd-4149-42ad-944e-e675d3bf1dc7","BIANCA.BROWN@EMAIL.COM","11807c1b-5d44-4d0e-9b96-80246e4ed251","1983-05-20","28bf5e74-c339-46c1-b4df-85cb2dd8dfc9","3606fc4d-51ff-435f-aced-60922c8b918a","DRIVER'S LICENSE","192.165.1.1","685b8d86-d1a9-4767-a3c9-cd7931a36217"
"9ef8d00b-3adf-425d-86ad-93f1a6f78b87","2024-04-12 15:58:50.296865","DISAPPROVE","455.5","19.98","True","mailing","3504 EAST 5TH STREET","","PANAMA CITY","FL","32401","LIBERTY COUNTY","US","5617511351","landline","VIVIAN JOHNSON","3622892321932011","84ed831d-70d0-4f13-8702-52f95e054d51","VIVIAN.JOHNSON@EMAIL.COM","91adf62d-ac75-45aa-bc5d-b4750e30e2b3","1983-05-16","aae6c3bb-b28d-4f52-899b-a27dd4e36281","92669309-d745-468d-b798-6e25e9c4ee41","SOCIAL SECURITY NUMBER","192.161.1.1","fe5c1c22-afda-427c-a412-a3ecde7446b9"
"d574c02f-afd6-4cbe-9265-0082e5603020","2024-04-12 15:58:50.306295","APPROVED","276.95","8.07","False","primary","5 YERXA ROAD","#2","CAMBRIDGE","MA","02140","BARNSTABLE COUNTY","US","6847944619","mobile","SAM SMITH","4262340513765375","51a36ad8-96fa-41fc-a2f1-6e0e39a126c9","SAM.SMITH@EMAIL.COM","b2f2fd17-7e01-4f00-9806-01255fcc6d6e","1983-05-13","be09b471-cb89-45c6-a400-5bafe9abd517","d4f2b28d-5fa5-47df-9d2d-63a7b7444619","PASSPORT","192.166.1.1","6d3dadda-a4fd-4f69-8e29-ca00a789cf8e"
"63ef3ef4-4489-4291-8d2f-adfed6689e63","2024-04-12 15:58:50.315845","PENDING","8222.53","21.16","False","primary","3871 GALACTICA DRIVE","","ANCHORAGE","AK","99517","ALEUTIANS EAST BOROUGH","US","5834733140","landline","PETER ANDERSON","6487891860864189","51a36ad8-96fa-41fc-a2f1-6e0e39a126c9","PETER.ANDERSON@EMAIL.COM","b2f2fd17-7e01-4f00-9806-01255fcc6d6e","1983-05-10","edb0cd40-c8fe-496f-8a44-7f8cb2c7e004","89ba258d-bb01-481d-a058-ee56e9609d3e","DRIVER'S LICENSE","192.165.1.1","e4a9eb23-0f1d-4fa0-922b-e3c011b8c1d3"
"5ecac49e-9bac-465c-aadd-86f48e8c7279","2024-04-12 15:58:50.325454","PENDING","4451.87","36.68","False","primary","6515 WEST POINSETTIA DRIVE","","GLENDALE","AZ","85304","APACHE COUNTY","US","8033910274","landline","GABRIEL MILLER","0289187478590411","8a782dbd-4149-42ad-944e-e675d3bf1dc7","GABRIEL.MILLER@EMAIL.COM","90577620-b3a6-4d9e-954f-43f8709da75a","1983-05-14","589c7ac8-3797-458b-a342-671d1b336f65","a5be6909-3e8d-42fc-9245-3a086a92be46","SOCIAL SECURITY NUMBER","192.167.1.1","e23d2e73-43f5-4b20-bf35-dbdedfa35e86"
"5aac8f4d-d564-41e6-b086-39ff996669be","2024-04-12 15:58:50.335101","APPROVED","6643.86","20.17","False","mailing","6311 WEST WAGONER ROAD","","GLENDALE","AZ","85308","APACHE COUNTY","US","9540003348","mobile","VIVIAN JOHNSON","2189922280047991","84ed831d-70d0-4f13-8702-52f95e054d51","VIVIAN.JOHNSON@EMAIL.COM","11807c1b-5d44-4d0e-9b96-80246e4ed251","1983-05-12","f736f037-b5bd-4ab8-9ecd-af82c86f8f23","4c8621d4-6047-4740-a6f8-1ce3baa294d4","PASSPORT","192.169.1.1","9b5d28e8-00f4-4c90-8caf-c105c21d0070"
"516cfdb4-0cdd-4d7c-b5e3-1f8d460cc383","2024-04-12 15:58:50.344675","PENDING","4445.95","33.61","False","primary","2201 ONTARIO ROAD NORTHWEST","","WASHINGTON","DC","20009","DISTRICT OF COLUMBIA","US","2782474910","landline","JOHN MILLER","2335220775347509","84ed831d-70d0-4f13-8702-52f95e054d51","JOHN.MILLER@EMAIL.COM","ecad0b99-73cf-464c-83b8-e223c8e57672","1983-05-11","757288fe-0794-4f4c-92d2-dccbadf813bd","bffc4f2e-e0aa-4e78-af88-59739e59e255","PASSPORT","192.162.1.1","cccbe33f-04ad-4ef4-97c0-cfa2389b19f5"
"825e3a4b-bc86-48cf-9f76-ed41e053c18f","2024-04-12 15:58:50.353834","PENDING","1529.61","9.13","False","mailing","5510 MONTGOMERY STREET","#4","SAVANNAH","GA","31405","APPLING COUNTY","US","1177622262","landline","HAN BROWN","2575245262107064","6835b33e-dd55-499d-a551-e6c4da8fa7b9","HAN.BROWN@EMAIL.COM","2ed415da-4663-43dc-bac7-92443b197f86","1983-05-18","d40042e9-8158-4895-ab8d-449054f2e84f","f3e70b07-aea4-428a-9f09-597c651034a6","PASSPORT","192.162.1.1","b929a672-cb2d-46bb-b950-98b8539c279e"
"6c1b96f0-846b-4016-a805-ce0d72a20fcf","2024-04-12 15:58:50.364102","PENDING","2763.21","17.75","False","mailing","320 UNION STATION WAY","","CALERA","AL","35040","AUTAUGA COUNTY","US","4782097569","mobile","VIVIAN SMITH","6196815196633171","8a782dbd-4149-42ad-944e-e675d3bf1dc7","VIVIAN.SMITH@EMAIL.COM","2e44ef7a-33fc-4b16-ad30-06c0abf6d3bf","1983-05-19","d07dfa7d-6a16-48cc-b6fd-f3846a13ef59","f8198f0f-af5f-43f3-9fbc-5f2f0758f4df","DRIVER'S LICENSE","192.168.1.1","1e862b61-face-451f-8768-fe1f9f55d393"
"822abaf5-14e7-4e37-b43f-4877a4f421a5","2024-04-12 15:58:50.373519","APPROVED","4671.21","1.63","False","primary","104 GREENWOOD DRIVE","","MANCHESTER","CT","06042","FAIRFIELD COUNTY","US","9776797430","mobile","BIANCA BROWN","4664804609873019","8a782dbd-4149-42ad-944e-e675d3bf1dc7","BIANCA.BROWN@EMAIL.COM","57a13433-1876-45a6-a52e-bf405ae2c6e8","1983-05-17","f8ec79a6-f7de-4446-b1b6-dae437650458","87be2da6-9c0a-4331-87b0-791530bda1c9","DRIVER'S LICENSE","192.165.1.1","2852cc72-a718-4b70-94e1-6b933b3a0652"
"0db49ad9-28eb-4be3-8cb1-910225533923","2024-04-12 15:58:50.384372","DISAPPROVE","7327.45","24.68","True","mailing","80 SOUTH MAIN STREET","#1","RANDOLPH","MA","02368","BARNSTABLE COUNTY","US","2759430884","landline","BIANCA BROWN","9887962460430711","319ef693-0e13-412e-94f3-a3e442a7380b","BIANCA.BROWN@EMAIL.COM","91adf62d-ac75-45aa-bc5d-b4750e30e2b3","1983-05-16","d2faf7e4-071d-48a7-953d-6e8b0864677f","7e0bb3bb-652f-47b5-9033-ace9d5331fb5","SOCIAL SECURITY NUMBER","192.169.1.1","e4a9eb23-0f1d-4fa0-922b-e3c011b8c1d3"
"052fbd2e-70bf-432e-9a41-850b0a297e97","2024-04-12 15:58:50.393456","DISAPPROVE","8930.66","17.34","True","primary","312 NORTH COVE BOULEVARD","","PANAMA CITY","FL","32401","LIBERTY COUNTY","US","5919549852","landline","EMILY MILLER","2675509884852265","84ed831d-70d0-4f13-8702-52f95e054d51","EMILY.MILLER@EMAIL.COM","91adf62d-ac75-45aa-bc5d-b4750e30e2b3","1983-05-14","e9fc3d2c-421e-47a1-952e-67e1e53a7256","509a2c95-2b13-47bd-b815-96c3ef1af5b9","SOCIAL SECURITY NUMBER","192.165.1.1","e4a9eb23-0f1d-4fa0-922b-e3c011b8c1d3"
"87f28e93-7e40-47b9-aa9b-6bfb0eed7eb8","2024-04-12 15:58:50.403107","APPROVED","4404.2","21.35","False","primary","225 CLAUDE STREET","","ANNAPOLIS","MD","21401","ALLEGANY COUNTY","US","2002239823","mobile","VIVIAN MILLER","9381876977149129","51a36ad8-96fa-41fc-a2f1-6e0e39a126c9","VIVIAN.MILLER@EMAIL.COM","63301515-9da6-4b69-9ea7-61f3c388c869","1983-05-19","9f2734e0-981b-4f8a-a191-00ee3a7a9e8d","07e9c86d-218c-445d-8d1a-66c1e898a5f8","SOCIAL SECURITY NUMBER","192.166.1.1","5343dbbc-3e98-4e60-ab88-d684ece91762"
"5ccd3ae4-3e2f-4bed-a13a-b000df4abbe3","2024-04-12 15:58:50.413084","APPROVED","6310.89","6.85","False","mailing","713 RINGGOLD DRIVE","","NASHVILLE","TN","37207","ANDERSON COUNTY","US","3945540660","mobile","VIVIAN ANDERSON","3383049351351607","51a36ad8-96fa-41fc-a2f1-6e0e39a126c9","VIVIAN.ANDERSON@EMAIL.COM","b2f2fd17-7e01-4f00-9806-01255fcc6d6e","1983-05-20","e53f42d5-c73e-4fe6-960e-ecaa1d7075cf","a662a682-b3dc-4ac1-9378-8a24234b8c2d","SOCIAL SECURITY NUMBER","192.161.1.1","c6b8d36e-a638-4307-8e04-3792f1dddf28"
"fe3e1b3d-57fe-4fa9-aac1-9e96c41c8f4c","2024-04-12 15:58:50.413197","DISAPPROVE","2196.2","27.32","True","mailing","3203 US HIGHWAY 98","A","MEXICO BEACH","FL","32456","LIBERTY COUNTY","US","6782519814","mobile","HEIDI MILLER","3297005621607913","319ef693-0e13-412e-94f3-a3e442a7380b","HEIDI.MILLER@EMAIL.COM","8bfd9521-f307-419d-87d0-a45551bd0ad1","1983-05-18","44460ed9-2152-447b-a526-d3c54cba6222","4dec57fe-e059-490e-a251-cd691c86fdfb","DRIVER'S LICENSE","192.166.1.1","74c696b0-ac9c-46cc-8e5d-fe2389cbbf19"
"b19922a9-e4c7-4fb7-ad72-e573027cc8e5","2024-04-12 15:58:50.422502","APPROVED","4558.94","34.79","False","mailing","712 PARKSIDE PLACE NORTHEAST","","WASHINGTON","DC","20019","DISTRICT OF COLUMBIA","US","3535011486","mobile","LEAH MILLER","4308444095442902","6835b33e-dd55-499d-a551-e6c4da8fa7b9","LEAH.MILLER@EMAIL.COM","58d00d01-35c1-42da-a2fb-63907794fb77","1983-05-11","aec03efb-bdb6-461d-9820-ab3c2c3363f9","8bca8512-ebcb-4599-b2c9-751a00d0c95a","PASSPORT","192.166.1.1","7ebc7919-315e-43fa-b579-df66ee9f20b3"
"2d8524b8-a2e8-4a4a-8503-1f87b10bbd0e","2024-04-12 15:58:50.432198","APPROVED","6388.37","26.45","False","primary","1227 AARON STREET","","MONTGOMERY","AL","36104","AUTAUGA COUNTY","US","7504797089","mobile","JOHN MILLER","3963920650189387","319ef693-0e13-412e-94f3-a3e442a7380b","JOHN.MILLER@EMAIL.COM","660e2936-8f20-44a6-9795-902c4081418b","1983-05-12","2cacf9ab-b651-469b-82d0-e710881626ba","1dc574b6-b4e2-4fa7-805f-b886756ac392","DRIVER'S LICENSE","192.165.1.1","b36330ba-194b-4f16-a16d-cc4f8427a20b"
"81374511-56eb-4d0c-a2a4-07c7405b4f00","2024-04-12 15:58:50.442005","DISAPPROVE","4186.58","20.83","True","primary","21 GLENOAK LANE NORTHWEST","B","GLEN BURNIE","MD","21061","ALLEGANY COUNTY","US","9028156182","mobile","BIANCA ANDERSON","4007311206437493","319ef693-0e13-412e-94f3-a3e442a7380b","BIANCA.ANDERSON@EMAIL.COM","de953465-9876-4742-b94d-787566da4cec","1983-05-13","14d40c6c-3bca-458b-8a96-130ce6d60333","ca8935d9-5c95-4198-92c0-d415f522cded","DRIVER'S LICENSE","192.167.1.1","824f3b85-9d0b-4b65-8517-8ad8e29daffd"
"f0f80386-36c5-4548-8871-d65224d91847","2024-04-12 15:58:50.452081","DISAPPROVE","705.02","29.09","True","mailing","6515 WEST POINSETTIA DRIVE","","GLENDALE","AZ","85304","APACHE COUNTY","US","7723996350","landline","VIVIAN MILLER","9188862078907375","51a36ad8-96fa-41fc-a2f1-6e0e39a126c9","VIVIAN.MILLER@EMAIL.COM","91adf62d-ac75-45aa-bc5d-b4750e30e2b3","1983-05-18","06ba13f3-47e2-406b-ad76-79284749d27e","b07d3c27-1a1c-4c50-8721-a6a2c4bd65e7","SOCIAL SECURITY NUMBER","192.162.1.1","dbacfa5f-1baa-4850-910d-ec5fde08c33f"
"ef974c15-e91a-4487-90b5-68b1e4c5c703","2024-04-12 15:58:50.463143","PENDING","8838.86","22.83","False","mailing","856 MILTON STREET","","OAKLAND","CA","94607","ALAMEDA COUNTY","US","9744737277","landline","SAM JOHNSON","9133365696143349","6835b33e-dd55-499d-a551-e6c4da8fa7b9","SAM.JOHNSON@EMAIL.COM","4824368a-2890-43cb-9528-83656b6fa942","1983-05-13","d805bb85-6e40-4885-8355-ce3e8ab10bad","cd45aeed-5917-4dff-9e67-45f4b695676d","PASSPORT","192.162.1.1","6a7f8d3b-ff5f-4dea-994a-9521180f545b"
"d50f8a6c-dab2-4cfb-9d5a-2a044c2a2ec9","2024-04-12 15:58:50.472751","PENDING","8296.77","2.84","False","mailing","22 EDEN STREET","","MILLIS","MA","02054","BARNSTABLE COUNTY","US","5129648700","mobile","JOHN BROWN","2659583145523539","8a782dbd-4149-42ad-944e-e675d3bf1dc7","JOHN.BROWN@EMAIL.COM","aa238f99-f052-478e-8084-842ffd1f3a90","1983-05-16","7e11792b-0feb-4da7-9af8-29defcf41912","4ac6141a-7c6d-4bb9-97b1-0bae579adeed","SOCIAL SECURITY NUMBER","192.163.1.1","227b2cb2-4a99-4d1d-b8c8-9199704bf06a"
"259f7234-164a-4d03-8757-78cad0b55225","2024-04-12 15:58:50.472860","APPROVED","2622.27","33.7","False","primary","3203 US HIGHWAY 98","A","MEXICO BEACH","FL","32456","LIBERTY COUNTY","US","1177622262","landline","JOHN JOHNSON","3377483643116583","51a36ad8-96fa-41fc-a2f1-6e0e39a126c9","JOHN.JOHNSON@EMAIL.COM","36b911d3-ec23-476d-bb22-5e4a5993c711","1983-05-13","d74de54d-d06d-4208-92d8-8ad0f08fc3eb","1c5638fe-ea22-4d1a-b5d6-c6966d4f7cb2","SOCIAL SECURITY NUMBER","192.168.1.1","daf33958-c412-494f-8a9e-9e65fcc2a0d2"
"c4c26472-eed6-4980-aa03-fd62edc2ff9e","2024-04-12 15:58:50.483085","PENDING","8693.16","16.63","False","mailing","20375 WISTERIA STREET","","CASTRO VALLEY","CA","94546","ALAMEDA COUNTY","US","9867722590","landline","BIANCA BROWN","0010335730525521","8a782dbd-4149-42ad-944e-e675d3bf1dc7","BIANCA.BROWN@EMAIL.COM","4f60e44a-6213-4b07-bbea-6f3bea5886a9","1983-05-10","b059dfb5-0c11-416e-b77f-85d0a0abf8e1","483be36d-70f2-4330-bfc6-342814406d25","DRIVER'S LICENSE","192.162.1.1","4d34ff48-d45e-4edd-886e-6dcb637f7d50"
"baaa7bb9-1d0a-4e6c-9751-d7ea497be964","2024-04-12 15:58:50.499726","DISAPPROVE","1579.39","7.77","True","mailing","1040 UNIVERSITY AVENUE","#R 208","BERKELEY","CA","94710","ALAMEDA COUNTY","US","2449078289","mobile","JOHN BROWN","2335220775347509","51a36ad8-96fa-41fc-a2f1-6e0e39a126c9","JOHN.BROWN@EMAIL.COM","b348a35b-b1e3-4373-a45d-957e257c6982","1983-05-15","74b0c968-d169-4718-a840-faca2d7138c9","9bb7fdfd-a8bb-4dc0-aace-ce9cf69bd417","SOCIAL SECURITY NUMBER","192.165.1.1","a992adae-5eaa-4ae0-bc03-292ecd6b48a1"
"d383faa8-315c-4d00-91ed-fcbdcd678c4b","2024-04-12 15:58:50.508730","DISAPPROVE","8941.63","29.25","True","primary","653 STRATTON ARLINGTON ROAD","","STRATTON","VT","05360","ADDISON COUNTY","US","2201699454","mobile","HEIDI ANDERSON","2798474435421019","8a782dbd-4149-42ad-944e-e675d3bf1dc7","HEIDI.ANDERSON@EMAIL.COM","f63d79c6-b3e0-4f20-ac30-47d087b713a6","1983-05-19","30ab5689-93bc-408f-9706-93afc4494199","c35b52d6-4fc9-470b-9e21-b0b3c51d8ab5","DRIVER'S LICENSE","192.163.1.1","027687c8-1b1b-4941-9a98-a35420442b77"
"26499dce-6758-41e3-964d-24065479c473","2024-04-12 15:58:50.517456","DISAPPROVE","8073.09","28.03","True","mailing","529 BARR HILL ROAD","","GREENSBORO","VT","05841","ADDISON COUNTY","US","3073501625","landline","EMILY BROWN","1246644076436176","319ef693-0e13-412e-94f3-a3e442a7380b","EMILY.BROWN@EMAIL.COM","208a9c8f-5ba6-4be3-bd04-9d3b63c8ad5e","1983-05-17","f8ec79a6-f7de-4446-b1b6-dae437650458","e5140105-b7bc-4903-a1f2-c4abdc73ab06","SOCIAL SECURITY NUMBER","192.163.1.1","411c442d-3036-4af0-ac13-a18dae2bee7c"
"756189cc-9f12-4679-9c0a-425c1cfdd998","2024-04-12 15:58:50.517552","PENDING","4707.28","16.64","False","mailing","3203 US HIGHWAY 98","A","MEXICO BEACH","FL","32456","LIBERTY COUNTY","US","7104951761","mobile","EMILY SMITH","9615938489858412","319ef693-0e13-412e-94f3-a3e442a7380b","EMILY.SMITH@EMAIL.COM","00290869-b2d7-4d12-9ea2-401e93a99654","1983-05-12","ff71b571-ed6d-4137-9d23-1e867614a74f","2bd22082-9513-47db-b652-c6669af961d0","DRIVER'S LICENSE","192.161.1.1","e0108d33-541c-41ab-8b44-71de91942c3c"
"9ab052de-fd46-4d05-bbb9-66b187ae7e15","2024-04-12 15:58:50.526112","DISAPPROVE","8861.16","33.42","True","mailing","1822 DIXDALE AVENUE","","LOUISVILLE","KY","40210","ADAIR COUNTY","US","2151358026","landline","HAN BROWN","7257295321863323","319ef693-0e13-412e-94f3-a3e442a7380b","HAN.BROWN@EMAIL.COM","b9ae6276-5a91-4503-a462-da53a518b8b7","1983-05-18","ff71b571-ed6d-4137-9d23-1e867614a74f","23acf15d-030e-4e4e-997c-2f4c78dfe033","SOCIAL SECURITY NUMBER","192.161.1.1","ae59382b-6b46-4e18-8242-174a3ba508f6"
"41811a60-d4e6-428d-898d-e64af85e0992","2024-04-12 15:58:50.534615","DISAPPROVE","2427.66","26.39","True","mailing","200 WEST CENTER STREET","A","MANCHESTER","CT","06040","FAIRFIELD COUNTY","US","1177622262","landline","PETER MILLER","9792324491634924","6835b33e-dd55-499d-a551-e6c4da8fa7b9","PETER.MILLER@EMAIL.COM","e21872ba-487b-4a65-991d-c188362ab28a","1983-05-14","6be53a8f-2ea8-411d-ae3d-cf2d68e18ceb","8f024a6d-7b76-4a28-9863-746e3d3c45d9","SOCIAL SECURITY NUMBER","192.165.1.1","70f3edfd-83a3-4bf2-9ae9-10d6e9d34310"
"1210676c-4714-4fd3-9b2f-3f100ebf3a02","2024-04-12 15:58:50.542329","PENDING","1441.83","19.32","False","mailing","41 FAIRWAY DRIVE","","TEWKSBURY","MA","01876","BARNSTABLE COUNTY","US","2380333202","mobile","VIVIAN ANDERSON","9947440389300153","51a36ad8-96fa-41fc-a2f1-6e0e39a126c9","VIVIAN.ANDERSON@EMAIL.COM","875418f3-02c1-45e6-a8ff-0cb23eb219b7","1983-05-12","20a05ae0-4c27-4319-a13b-14524a77cc3c","92669309-d745-468d-b798-6e25e9c4ee41","SOCIAL SECURITY NUMBER","192.165.1.1","e4a9eb23-0f1d-4fa0-922b-e3c011b8c1d3"
"0971925b-4d3f-459e-8fc1-9f3962170aaf","2024-04-12 15:58:50.549784","PENDING","8162.61","30.88","False","primary","597 EAST MIRACLE DRIVE","#4","FAYETTEVILLE","AR","72701","ARKANSAS COUNTY","US","1123766317","mobile","HAN BROWN","4664047701470953","84ed831d-70d0-4f13-8702-52f95e054d51","HAN.BROWN@EMAIL.COM","0e6c1288-f00b-4da0-9509-82062ccd7be0","1983-05-14","ff71b571-ed6d-4137-9d23-1e867614a74f","92669309-d745-468d-b798-6e25e9c4ee41","SOCIAL SECURITY NUMBER","192.164.1.1","0ca912fb-3c3a-4882-a043-c485569b8c66"
"225ca6b7-16f6-4933-8d0c-e60e153f6f88","2024-04-12 15:58:50.557892","PENDING","6495.51","21.83","False","mailing","1100 CLEVELAND STREET","","FAYETTEVILLE","AR","72701","ARKANSAS COUNTY","US","4335573880","mobile","BIANCA SMITH","1714722285106499","6835b33e-dd55-499d-a551-e6c4da8fa7b9","BIANCA.SMITH@EMAIL.COM","b2f2fd17-7e01-4f00-9806-01255fcc6d6e","1983-05-13","4b97a2ea-af7c-4bb2-ab1c-c45cb014c9e7","00a66156-7a02-41c6-ad1c-1a484e3afbb5","SOCIAL SECURITY NUMBER","192.161.1.1","8e198331-3b2a-40b7-86d8-5ba113e458b3"
"76f0cfe6-d194-4e6b-b579-f03e8093ec91","2024-04-12 15:58:50.565170","PENDING","9345.31","22.87","False","mailing","1163 ROSEDALE DRIVE","","MONTGOMERY","AL","36107","AUTAUGA COUNTY","US","1049821337","mobile","HAN ANDERSON","4563672348537203","51a36ad8-96fa-41fc-a2f1-6e0e39a126c9","HAN.ANDERSON@EMAIL.COM","8943c72c-6490-400e-94ee-71d19475ec59","1983-05-20","fc37670b-90d9-4b4e-b90b-eedf58158e39","15192836-2b22-4c15-a8ad-994c91e5105a","PASSPORT","192.167.1.1","85c786b7-cad5-4bf6-98a0-5a71ca49aa18"
"da717c52-8d71-4c30-b01d-ed466349f1c5","2024-04-12 15:58:50.572322","DISAPPROVE","3105.83","20.46","True","mailing","3365 WYNDHAM DRIVE","","FREMONT","CA","94536","ALAMEDA COUNTY","US","9337172269","landline","PETER ANDERSON","0784713667523298","8a782dbd-4149-42ad-944e-e675d3bf1dc7","PETER.ANDERSON@EMAIL.COM","bd6dee1c-0e9e-4602-9935-5796f29634af","1983-05-10","90b9692c-4de7-466b-ad61-4c6759c691b2","a662a682-b3dc-4ac1-9378-8a24234b8c2d","SOCIAL SECURITY NUMBER","192.165.1.1","c6c1d0f5-5c32-4510-bfa7-5a9b7713e6e1"
"e7e425ea-b106-4476-b185-17c9820be8e7","2024-04-12 15:58:50.581312","DISAPPROVE","3707.35","39.77","True","primary","815 WEST MARKET STREET","#6","LOUISVILLE","KY","40202","ADAIR COUNTY","US","9746392086","landline","EMILY BROWN","7868990615925417","84ed831d-70d0-4f13-8702-52f95e054d51","EMILY.BROWN@EMAIL.COM","dcdd3ea6-20b4-48de-ac57-87058b9d8556","1983-05-13","04223f98-3561-4d7d-8856-c940558b8ce8","ad1a0911-1d48-4b89-8da0-9cde1bc9cb9b","PASSPORT","192.161.1.1","cf881c0d-51ee-4096-b769-0bccc1502bcb"
"e55d37d3-7981-476e-8b18-5182f9445345","2024-04-12 15:58:50.588997","PENDING","4983.57","19.86","False","mailing","2638 EAST 40TH PLAZA","","PANAMA CITY","FL","32405","LIBERTY COUNTY","US","4882243211","landline","GABRIEL ANDERSON","0449283655198335","51a36ad8-96fa-41fc-a2f1-6e0e39a126c9","GABRIEL.ANDERSON@EMAIL.COM","660e2936-8f20-44a6-9795-902c4081418b","1983-05-10","ff71b571-ed6d-4137-9d23-1e867614a74f","9bb7fdfd-a8bb-4dc0-aace-ce9cf69bd417","SOCIAL SECURITY NUMBER","192.163.1.1","fca68c22-8000-45d9-9a2e-fac4b83c9bf8"
"6f159b07-2100-4621-9ada-658618d11c5c","2024-04-12 15:58:50.597530","APPROVED","563.73","38.4","False","primary","654 LAURETTE PLACE","","HAYWARD","CA","94544","ALAMEDA COUNTY","US","8880874886","mobile","HAN MILLER","4026859230503536","8a782dbd-4149-42ad-944e-e675d3bf1dc7","HAN.MILLER@EMAIL.COM","6cab16f7-4c9c-47f7-9844-1aa171ab1226","1983-05-17","412e247c-83dd-4d32-982a-a48d805afbd9","1dc574b6-b4e2-4fa7-805f-b886756ac392","DRIVER'S LICENSE","192.161.1.1","1f8838ac-5f59-42cc-b60d-2eddbbb438eb"
"b99e8ee1-cfb6-4aee-a521-fae37b4b0970","2024-04-12 15:58:50.605794","DISAPPROVE","7253.43","11.79","True","mailing","2654 QUIET WATER COVE","","ANNAPOLIS","MD","21401","ALLEGANY COUNTY","US","1177622262","landline","HAN SMITH","3876590233030930","8a782dbd-4149-42ad-944e-e675d3bf1dc7","HAN.SMITH@EMAIL.COM","baf3e14d-82f8-43c5-9474-aac50f5e880e","1983-05-12","bca7e981-b1e1-4930-ad22-0fd82b2e1b43","3606fc4d-51ff-435f-aced-60922c8b918a","DRIVER'S LICENSE","192.165.1.1","35feaf8e-28dc-4b05-8734-6216a755dc8b"
"1c0fb802-bdb3-4b69-932a-d8b512e15b6d","2024-04-12 15:58:50.613230","DISAPPROVE","8501.34","27.28","True","primary","918 CHERYL ANN CIRCLE","","HAYWARD","CA","94544","ALAMEDA COUNTY","US","5296332915","landline","HEIDI ANDERSON","0606638090443034","319ef693-0e13-412e-94f3-a3e442a7380b","HEIDI.ANDERSON@EMAIL.COM","245fbd54-8104-42b2-8279-438f63d9091d","1983-05-11","7e11792b-0feb-4da7-9af8-29defcf41912","f3e70b07-aea4-428a-9f09-597c651034a6","PASSPORT","192.169.1.1","fa061e3f-05ed-4c2c-bf51-be9ff1f3439c"
"5cce9482-fd79-4a42-bcf5-913453b7b306","2024-04-12 15:58:50.613362","DISAPPROVE","101.22","15.49","True","mailing","3203 US HIGHWAY 98","A","MEXICO BEACH","FL","32456","LIBERTY COUNTY","US","0680887923","mobile","HEIDI SMITH","9642035124661080","6835b33e-dd55-499d-a551-e6c4da8fa7b9","HEIDI.SMITH@EMAIL.COM","5c50b6d3-ebc7-4bfa-b555-d8dc8bacbf88","1983-05-20","aab960d1-b335-4b00-b5bd-eb14e37729fa","509a2c95-2b13-47bd-b815-96c3ef1af5b9","SOCIAL SECURITY NUMBER","192.167.1.1","4ec4c3b9-f547-4d5e-896e-fb11d81fbb94"
"4397e547-88ba-4f68-9f67-c1d7553b5981","2024-04-12 15:58:50.620505","APPROVED","117.19","22.0","False","primary","53 PHILIP ROAD","","MANCHESTER","CT","06040","FAIRFIELD COUNTY","US","8801234005","landline","GABRIEL ANDERSON","2229052624546365","319ef693-0e13-412e-94f3-a3e442a7380b","GABRIEL.ANDERSON@EMAIL.COM","0c13a148-53d6-4b9f-8153-95a951ec1aa4","1983-05-14","76ab11ce-cdef-446a-8ebf-e2f5d46a58a0","d4f2b28d-5fa5-47df-9d2d-63a7b7444619","PASSPORT","192.165.1.1","1ddaf0e8-7eb8-44f8-a338-843093ed9503"
"fb14bc5b-83ea-4f7e-9864-fe4e9f0771a5","2024-04-12 15:58:50.627610","DISAPPROVE","4082.87","21.79","True","primary","3901 OLD SEWARD HIGHWAY","#STE 000016","ANCHORAGE","AK","99503","ALEUTIANS EAST BOROUGH","US","1212308737","landline","HEIDI JOHNSON","2335220775347509","319ef693-0e13-412e-94f3-a3e442a7380b","HEIDI.JOHNSON@EMAIL.COM","0812cc34-b984-437e-86ee-e89fcc6d83e9","1983-05-10","669cbb9e-77df-4c57-bfdd-91ee584e8b06","f12f1158-66b5-4f91-9e12-92d356508476","DRIVER'S LICENSE","192.163.1.1","1885bd86-e4f8-43d2-9bf0-d901c73ac18a"
"f37ecbf0-70bb-4e46-92a2-8ad166801f1d","2024-04-12 15:58:50.635721","DISAPPROVE","2863.84","25.21","True","primary","83 KENNEDY ROAD","","MANCHESTER","CT","06042","FAIRFIELD COUNTY","US","2309961521","landline","LEAH MILLER","8734131393633044","6835b33e-dd55-499d-a551-e6c4da8fa7b9","LEAH.MILLER@EMAIL.COM","91adf62d-ac75-45aa-bc5d-b4750e30e2b3","1983-05-18","a93a87c0-c3d6-44cc-a236-ed9439df3c42","e5140105-b7bc-4903-a1f2-c4abdc73ab06","SOCIAL SECURITY NUMBER","192.161.1.1","49caceb1-f40c-4464-babe-88c98cdac567"
"8b627ed7-7d0a-47ed-b4d9-7d290c7a9baa","2024-04-12 15:58:50.642723","APPROVED","9891.32","5.37","False","primary","430 FIG STREET","","MADERA","CA","93638","ALAMEDA COUNTY","US","7232869527","landline","HEIDI BROWN","2907890644562975","84ed831d-70d0-4f13-8702-52f95e054d51","HEIDI.BROWN@EMAIL.COM","7fbfd035-3f36-4420-82b2-56c8aeadb7b2","1983-05-12","9c1b2c66-3905-4202-8355-4c666cd2a776","89ba258d-bb01-481d-a058-ee56e9609d3e","DRIVER'S LICENSE","192.163.1.1","9b5d28e8-00f4-4c90-8caf-c105c21d0070"
"31c83233-8307-4a9f-976f-3a563262a096","2024-04-12 15:58:50.649883","DISAPPROVE","5357.87","32.02","True","mailing","46710 CRAWFORD STREET","#APT 32","FREMONT","CA","94539","ALAMEDA COUNTY","US","1177622262","landline","PETER SMITH","9936005929931354","8a782dbd-4149-42ad-944e-e675d3bf1dc7","PETER.SMITH@EMAIL.COM","11807c1b-5d44-4d0e-9b96-80246e4ed251","1983-05-14","26202285-68e3-481c-9c7f-61912dd58874","3606fc4d-51ff-435f-aced-60922c8b918a","DRIVER'S LICENSE","192.161.1.1","9b5d28e8-00f4-4c90-8caf-c105c21d0070"
"e8f5baee-c159-4270-8b24-8d6616759c6c","2024-04-12 15:58:50.657271","DISAPPROVE","9183.5","24.33","True","primary","61 CUBLES DRIVE","","BRIMFIELD","MA","01010","BARNSTABLE COUNTY","US","6083981089","mobile","VIVIAN ANDERSON","7402987103339965","6835b33e-dd55-499d-a551-e6c4da8fa7b9","VIVIAN.ANDERSON@EMAIL.COM","91adf62d-ac75-45aa-bc5d-b4750e30e2b3","1983-05-14","f4a52cf0-6fd7-4142-99f5-1da08abfab45","9bb7fdfd-a8bb-4dc0-aace-ce9cf69bd417","SOCIAL SECURITY NUMBER","192.165.1.1","2206e055-1c5b-4f30-931c-bc782d95f017"
"d962ab21-ff64-47b3-a4e1-57229024dbad","2024-04-12 15:58:50.664313","PENDING","8337.46","8.74","False","mailing","262 MITCHELL STREET","","GROTON","CT","06340","FAIRFIELD COUNTY","US","9023110244","landline","BIANCA ANDERSON","6663419224959671","319ef693-0e13-412e-94f3-a3e442a7380b","BIANCA.ANDERSON@EMAIL.COM","b7742a19-4f4d-48b9-9d34-e5f38f1f0c86","1983-05-14","d3b35a6b-46bf-43c6-963a-3d4e12b4b4f9","8ee3b90b-3f55-4843-ad67-040120f496f0","PASSPORT","192.165.1.1","0f05c121-5e9e-4903-b695-a2124e8250a4"
"39ea74bc-d894-4b54-8043-94d0853007a7","2024-04-12 15:58:50.671527","PENDING","481.61","35.2","False","mailing","1558 GOODFELLOW ROAD","","GROTON","VT","05046","ADDISON COUNTY","US","9877891299","mobile","VIVIAN JOHNSON","2335220775347509","8a782dbd-4149-42ad-944e-e675d3bf1dc7","VIVIAN.JOHNSON@EMAIL.COM","4b9287f8-f82e-4d7b-be33-15581e89a561","1983-05-10","2448ee73-067b-4d2d-8a21-2dea6024e390","d41f4520-5992-41bd-9565-f643385f967d","SOCIAL SECURITY NUMBER","192.168.1.1","e4a9eb23-0f1d-4fa0-922b-e3c011b8c1d3"
"6e3d4a7b-cb9a-4e77-a8bb-8f7978c78d1a","2024-04-12 15:58:50.671609","DISAPPROVE","5337.56","1.27","True","primary","3203 US HIGHWAY 98","A","MEXICO BEACH","FL","32456","LIBERTY COUNTY","US","7570616706","mobile","HEIDI ANDERSON","6586027287711769","319ef693-0e13-412e-94f3-a3e442a7380b","HEIDI.ANDERSON@EMAIL.COM","d429ad7c-726e-4fe5-8fe6-6f3f26bd6bb3","1983-05-20","1c3fe68a-cba0-4817-adb8-cb4512a8df26","f12f1158-66b5-4f91-9e12-92d356508476","DRIVER'S LICENSE","192.167.1.1","7582af09-8a59-4b34-9d39-3502c10b018b"
"aae55fb7-9e85-4d5d-b973-3061fb60cc38","2024-04-12 15:58:50.679000","APPROVED","9074.48","2.95","False","mailing","513 HABBERTON ROAD","","FAYETTEVILLE","AR","72703","ARKANSAS COUNTY","US","9651495513","landline","HAN MILLER","4789862814526106","8a782dbd-4149-42ad-944e-e675d3bf1dc7","HAN.MILLER@EMAIL.COM","12954f74-99d8-4556-874d-f756acf46248","1983-05-13","a150ddf6-7cbb-4b6f-96a4-73de7314c40a","bffc4f2e-e0aa-4e78-af88-59739e59e255","PASSPORT","192.166.1.1","9f40ff51-19f8-4379-9022-7c2be86d16e9"
"8d84ec8d-8107-49c4-a242-3054c882dd20","2024-04-12 15:58:50.686037","PENDING","7124.75","24.5","False","mailing","954 DOWLER DRIVE","","EUREKA","CA","95501","ALAMEDA COUNTY","US","3842379392","landline","HAN ANDERSON","2335220775347509","6835b33e-dd55-499d-a551-e6c4da8fa7b9","HAN.ANDERSON@EMAIL.COM","b2f2fd17-7e01-4f00-9806-01255fcc6d6e","1983-05-15","0ac762e5-c390-4fe7-b89f-f5a580c4bee9","7c872b1f-322d-47ea-8857-b0803f9ac4f2","DRIVER'S LICENSE","192.166.1.1","a6b57fa2-d185-4636-8721-d23db433cd7f"
"285e3403-cf42-470d-be36-98b77f153029","2024-04-12 15:58:50.693015","PENDING","6108.81","11.4","False","mailing","880 GENERAL GEORGE PATTON ROAD","","NASHVILLE","TN","37221","ANDERSON COUNTY","US","6909389698","mobile","LEAH JOHNSON","4275645196526083","84ed831d-70d0-4f13-8702-52f95e054d51","LEAH.JOHNSON@EMAIL.COM","ed678ed5-6eca-4f26-b9d8-a44eec409af1","1983-05-20","0475f8f6-1a4b-4dc5-961c-272c41676829","89ba258d-bb01-481d-a058-ee56e9609d3e","DRIVER'S LICENSE","192.167.1.1","cd671b2a-0d1c-42cd-b768-1670fe0c154c"
"9330bb41-6238-44b4-8346-e88450c95686","2024-04-12 15:58:50.700262","PENDING","8680.86","2.73","False","primary","4079 NORTH SUNFLOWER CIRCLE","","FAYETTEVILLE","AR","72703","ARKANSAS COUNTY","US","4736421765","landline","SAM ANDERSON","2747486747746825","319ef693-0e13-412e-94f3-a3e442a7380b","SAM.ANDERSON@EMAIL.COM","1064e66d-90eb-46da-959f-25e91f1b7c93","1983-05-17","7c5faa56-7b6d-47ff-a64f-8f3951899a7a","8f024a6d-7b76-4a28-9863-746e3d3c45d9","SOCIAL SECURITY NUMBER","192.168.1.1","dddb1e7f-ad85-45e7-b10d-f327e22feda1"
"1e09cb7f-162d-4ceb-8f2d-271612893289","2024-04-12 15:58:50.708089","APPROVED","9640.32","32.76","False","primary","3609 MEADOW DRIVE","","NASHVILLE","TN","37215","ANDERSON COUNTY","US","1177622262","landline","JOHN BROWN","9524540749500150","51a36ad8-96fa-41fc-a2f1-6e0e39a126c9","JOHN.BROWN@EMAIL.COM","660e2936-8f20-44a6-9795-902c4081418b","1983-05-18","9f2734e0-981b-4f8a-a191-00ee3a7a9e8d","c81b27af-aabf-4a00-8488-034918943172","SOCIAL SECURITY NUMBER","192.164.1.1","f948ae36-b063-4c46-a6cf-fcfa2a973316"
"ff57643e-cf2f-498d-b842-f9b10a8b339f","2024-04-12 15:58:50.715159","DISAPPROVE","747.75","17.71","True","primary","534 TURPIN STREET","#APT 000001","ANCHORAGE","AK","99504","ALEUTIANS EAST BOROUGH","US","1496595308","landline","HAN JOHNSON","2578418567598271","84ed831d-70d0-4f13-8702-52f95e054d51","HAN.JOHNSON@EMAIL.COM","5b56856a-7314-466c-92ce-92d8ceee007b","1983-05-13","d82d5ada-2b9f-4833-90c1-3a480a960242","89ba258d-bb01-481d-a058-ee56e9609d3e","DRIVER'S LICENSE","192.161.1.1","2d8cdbac-1d74-4bf2-9c9b-8abbe2832ec5"
"ec371f7d-fcfb-4a39-a8cb-2db007136ba1","2024-04-12 15:58:50.722098","DISAPPROVE","9246.24","30.69","True","primary","107 WEST CANTON CIRCLE","","SPRINGFIELD","MA","01104","BARNSTABLE COUNTY","US","1328823531","mobile","LEAH SMITH","3683286896917497","6835b33e-dd55-499d-a551-e6c4da8fa7b9","LEAH.SMITH@EMAIL.COM","b8ba6080-f1b9-4838-a514-11534b63c27d","1983-05-18","f8ec79a6-f7de-4446-b1b6-dae437650458","4ea15e38-23dd-41e3-9298-d0ae14e8031b","DRIVER'S LICENSE","192.161.1.1","ca4e50d2-a4be-4a14-a73a-878cbb0c8faa"
"ceb2d76a-d240-4627-aaa2-3d43ef036858","2024-04-12 15:58:50.729020","APPROVED","463.22","26.02","False","mailing","519 ROXBORO PLACE NORTHWEST","","WASHINGTON","DC","20011","DISTRICT OF COLUMBIA","US","4430515150","mobile","BIANCA ANDERSON","5873069955701336","8a782dbd-4149-42ad-944e-e675d3bf1dc7","BIANCA.ANDERSON@EMAIL.COM","740c33d2-4118-4e66-99bd-1cbc79fba330","1983-05-17","32f661db-8268-4b66-bb7e-1d3d82650273","c35b52d6-4fc9-470b-9e21-b0b3c51d8ab5","DRIVER'S LICENSE","192.165.1.1","5b5fd631-b7d1-4311-b9c4-0c8b7db22ea7"
"5d992cfd-0f52-4dd4-b0f6-a3237928b07b","2024-04-12 15:58:50.735872","APPROVED","5232.55","4.5","False","mailing","5112 SOUTHWEST 124TH PLACE","","OKLAHOMA CITY","OK","73173","ADAIR COUNTY","US","5298618218","mobile","PETER MILLER","3340381768635127","8a782dbd-4149-42ad-944e-e675d3bf1dc7","PETER.MILLER@EMAIL.COM","8fa98723-7a5e-409e-b976-49c6fdc88e31","1983-05-18","ff71b571-ed6d-4137-9d23-1e867614a74f","00a66156-7a02-41c6-ad1c-1a484e3afbb5","SOCIAL SECURITY NUMBER","192.165.1.1","037bcf68-82ee-424f-b0fb-657e1db271b5"
"81a4b88e-8e47-456f-bc13-d22c88db5b68","2024-04-12 15:58:50.743117","DISAPPROVE","219.99","2.15","True","primary","6473 ZEPHYR STREET","","ARVADA","CO","80004","ADAMS COUNTY","US","5367063794","mobile","JOHN SMITH","3870968488377758","51a36ad8-96fa-41fc-a2f1-6e0e39a126c9","JOHN.SMITH@EMAIL.COM","3c70cb77-ca2e-48b7-868e-302fcf7f1cb6","1983-05-14","f089e460-18e5-4157-821b-cca8b42f5e64","4ea15e38-23dd-41e3-9298-d0ae14e8031b","DRIVER'S LICENSE","192.167.1.1","f2dbde38-1725-43a9-8ff9-bb54329db22e"
"ff937d5d-8412-4d15-afae-b0bc752ca6fe","2024-04-12 15:58:50.751496","DISAPPROVE","3211.97","18.5","True","primary","3613 EAST 18TH AVENUE","","ANCHORAGE","AK","99508","ALEUTIANS EAST BOROUGH","US","2325010564","mobile","JOHN BROWN","8839645851414224","8a782dbd-4149-42ad-944e-e675d3bf1dc7","JOHN.BROWN@EMAIL.COM","a534ca38-c4d2-4598-90b5-6312b880ef7e","1983-05-20","a495c61b-1aea-4557-a875-50af67cdf8a9","f8198f0f-af5f-43f3-9fbc-5f2f0758f4df","DRIVER'S LICENSE","192.166.1.1","41c67d5d-516c-4b1c-ad73-efd19f94caec"
"feb4d81e-36a0-40c1-90bd-b3319b5f77fb","2024-04-12 15:58:50.759826","PENDING","6572.76","25.93","False","primary","4510 EASTERN AVENUE NORTHEAST","","WASHINGTON","DC","20018","DISTRICT OF COLUMBIA","US","7189814249","landline","LEAH MILLER","8906093590273948","319ef693-0e13-412e-94f3-a3e442a7380b","LEAH.MILLER@EMAIL.COM","efb81378-daac-4ac1-894e-5e0a5480dacf","1983-05-18","f6a45fd8-3a2c-4b3a-b490-2626d6de6230","bffc4f2e-e0aa-4e78-af88-59739e59e255","PASSPORT","192.161.1.1","4bcc3eb0-6f46-47da-886b-e49cb1ed2cbe"
"3fad43ad-0eb2-421a-9940-f86f94e51de3","2024-04-12 15:58:50.768361","DISAPPROVE","4331.61","28.84","True","primary","6518 DOLPHIN COURT","","GLEN BURNIE","MD","21061","ALLEGANY COUNTY","US","0016006906","landline","BIANCA BROWN","2335220775347509","319ef693-0e13-412e-94f3-a3e442a7380b","BIANCA.BROWN@EMAIL.COM","c90c3a1e-5be5-4ad8-8e7b-e325638b9e12","1983-05-10","9f2734e0-981b-4f8a-a191-00ee3a7a9e8d","0f1fe22b-67a5-4eba-a1f5-b41873b2aa80","PASSPORT","192.167.1.1","1aa74b4d-0b1d-4313-87c8-ad875fdbee3c"
"6a6acd6c-07f5-4df8-901d-cf4473dc57a1","2024-04-12 15:58:50.776524","APPROVED","2245.4","32.78","False","mailing","718 DUTCHMANS COURT","","NASHVILLE","TN","37076","ANDERSON COUNTY","US","6402706114","landline","VIVIAN BROWN","5250766417743120","6835b33e-dd55-499d-a551-e6c4da8fa7b9","VIVIAN.BROWN@EMAIL.COM","f8a37e06-efa6-4e27-8836-48ad08db64c3","1983-05-15","3998dc4a-67b5-4b06-b3ab-fdd1a8bb8382","adf93555-03f1-435e-a7af-c089325d0820","DRIVER'S LICENSE","192.161.1.1","a038768b-7256-4254-aa89-7f34294d4c57"
